,Tavg,Htg Fraction,,All Conditioning,Overall COP,,,,,,,,,,,,,,,,,,,,,,
,13.86342704,0,,265,2.376881956,,,,,,,,,,,,,,,,,,,,,,
,17.24768658,0,,208,2.167782127,,,,,,,,,,,,,,,,,,,,,,
,22.63889079,0,,325,3.413485404,,,,,,,,,,,,,,,,,,,,,,
,18.24768658,0,,281,2.969850872,,,,,,,,,,,,,,,,,,,,,,
,18.94213117,0.000365869,,477.1745833,5.014186586,,,,,,,,,,,,,,,,,,,,,,
,13.85648258,0.000648588,,269.1745833,2.816205149,,,,,,,,,,,,,,,,,,,,,,
,17.86111246,0.000743621,,391.2909722,4.054803435,,,,,,,,,,,,,,,,,,,,,,
,21.36574246,0.000747122,,467.3491667,4.927372281,,,,,,,,,,,,,,,,,,,,,,
,18.94444604,0.000750333,,465.3491667,4.880557378,,,,,,,,,,,,,,,,,,,,,,
,17.70833488,0.000777915,,299.2327778,3.099330762,,,,,,,,,,,,,,,,,,,,,,
,18.25694596,0.000799284,,291.2327778,3.030498997,,,,,,,,,,,,,,,,,,,,,,
,18.42824229,0.001022153,,455.4655556,4.771393955,,,,,,,,,,,,,,,,,,,,,,
,19.93981633,0.001103738,,316.3491667,3.314398505,,,,,,,,,,,,,,,,,,,,,,
,22.79398317,0.001151534,,1162.338472,11.60394284,,,,,,,,,,,,,,,,,,,,,,
,18.53935333,0.00135153,,387.52375,3.967660097,,,,,,,,,,,,,,,,,,,,,,
,16.35185321,0.001372785,,381.52375,3.922012506,,,,,,,,,,,,,,,,,,,,,,
,18.25231638,0.001466056,,436.6401389,4.435119037,,,,,,,,,,,,,,,,,,,,,,
,17.37963108,0.001613903,,288.4655556,2.971802306,,,,,,,,,,,,,,,,,,,,,,
,17.79861271,0.001632008,,356.5819444,3.603003882,,,,,,,,,,,,,,,,,,,,,,
,20.12731646,0.001643771,,1026.687639,10.32702662,,,,,,,,,,,,,,,,,,,,,,
,16.67824213,0.001769284,,197.3491667,2.036614456,,,,,,,,,,,,,,,,,,,,,,
,17.42361246,0.001890322,,338.6401389,3.153223546,,,,,,,,,,,,,,,,,,,,,,
,15.36342729,0.00189994,,214.4073611,2.217687487,,Figure 11 for B&W publication,,,,,,,,,,,,,,,,,,,,
,17.92592733,0.001901987,,397.7565278,3.620657334,,,,,,,,,,,,,,,,,,,,,,
,14.10648271,0.001907218,,335.6401389,3.005170696,,,,,,,,,,,,,,,,,,,,,,
,15.25231608,0.001959768,,326.6401389,2.876350894,,,,,,,,,,,,,,,,,,,,,,
,19.88426083,0.002054536,,424.8729167,4.310912112,,,,,,,,,,,,,,,,,,,,,,
,19.21759013,0.00214305,,841.8040278,8.221497011,,,,,,,,,,,,,,,,,,,,,,
,19.80324237,0.002143288,,868.8622222,8.632459275,,,,,,,,,,,,,,,,,,,,,,
,19.19676079,0.002180012,,880.9204167,8.682650584,,,,,,,,,,,,,,,,,,,,,,
,18.86805712,0.002259525,,849.9204167,7.417016774,,,,,,,,,,,,,,,,,,,,,,
,13.976853,0.00239896,,242.5819444,2.214196597,,,,,,,,,,,,,,,,,,,,,,
,19.57407554,0.00249107,,770.9204167,7.427651466,,,,,,,,,,,,,,,,,,,,,,
,16.75463096,0.002671635,,631.6876389,5.47766512,,,,,,,,,,,,,,,,,,,,,,
,17.53472363,0.002691608,,691.8622222,6.826630273,,,,,,,,,,,,,,,,,,,,,,
,17.72685337,0.002783085,,564.57125,5.577631818,,,,,,,,,,,,,,,,,,,,,,
,18.91666817,0.002861162,,650.8622222,6.473625676,,,,,,,,,,,,,,,,,,,,,,
,19.84259421,0.003046409,,859.61875,8.118990159,,,,,,,,,,,,,,,,,,,,,,
,17.57639033,0.003066923,,683.095,6.706174782,,,,,,,,,,,,,,,,,,,,,,
,17.87037179,0.003173046,,715.2695833,7.033782569,,,,,,,,,,,,,,,,,,,,,,
,18.38194592,0.003183903,,749.3859722,7.248319598,,,,,,,,,,,,,,,,,,,,,,
,16.39351987,0.003196574,,618.9786111,6.051177717,,,,,,,,,,,,,,,,,,,,,,
,15.990742,0.003211491,,289.9311111,2.585886145,,,,,,,,,,,,,,,,,,,,,,
,17.55092742,0.00323496,,521.6876389,5.176625768,,,,,,,,,,,,,,,,,,,,,,
,18.51157563,0.003244383,,591.9204167,5.742476829,,,,,,,,,,,,,,,,,,,,,,
,19.34722371,0.00330447,,669.2113889,6.509360627,,,,,,,,,,,,,,,,,,,,,,
,18.58564967,0.003368824,,639.1531944,6.320268046,,,,,,,,,,,,,,,,,,,,,,
,17.04629771,0.003712901,,611.2695833,5.945187471,,,,,,,,,,,,,,,,,,,,,,
,20.60879796,0.00378094,,1015.840833,9.668454978,,,,,,,,,,,,,,,,,,,,,,
,18.49768667,0.003971138,,762.0261111,7.253895714,,,,,,,,,,,,,,,,,,,,,,
,18.17361254,0.004228664,,743.1425,6.350127776,,,,,,,,,,,,,,,,,,,,,,
,17.12963104,0.00433643,,630.7351389,5.472727502,,,,,,,,,,,,,,,,,,,,,,
,16.38889017,0.004358848,,547.3859722,5.263078499,,,,,,,,,,,,,,,,,,,,,,
,19.04166813,0.004384232,,862.7826389,8.025093557,,,,,,,,,,,,,,,,,,,,,,
,18.59953854,0.004462995,,691.0843056,6.73456281,,,,,,,,,,,,,,,,,,,,,,
,18.14120521,0.004679683,,659.0843056,6.313636413,,,,,,,,,,,,,,,,,,,,,,
,20.19676079,0.004771408,,1146.470278,10.68755484,,,,,,,,,,,,,,,,,,,,,,
,16.49305683,0.004773351,,365.7458333,3.609431172,,,,,,,,,,,,,,,,,,,,,,
,17.42824204,0.004816622,,507.4441667,4.924369272,,,,,,,,,,,,,,,,,,,,,,
,17.56944583,0.005078849,,286.4548611,2.849232689,,,,,,,,,,,,,,,,,,,,,,
,19.56713117,0.005411286,,1096.935833,10.08699395,,,,,,,,,,,,,,,,,,,,,,
,16.86574208,0.005462836,,394.1531944,3.818181693,,,,,,,,,,,,,,,,,,,,,,
,17.23148292,0.00579492,,632.66625,5.858131482,,,,,,,,,,,,,,,,,,,,,,
,16.85416808,0.005835792,,578.3752778,5.429193746,,,,,,,,,,,,,,,,,,,,,,
,18.08564962,0.00603825,,1031.226806,9.374146117,,,,,,,,,,,,,,,,,,,,,,
,18.35416821,0.006098726,,887.4120833,8.191933817,,,,,,,,,,,,,,,,,,,,,,
,20.03703863,0.006184289,,1016.285,9.321953667,,,,,,,,,,,,,,,,,,,,,,
,18.46759404,0.006204954,,731.5391667,6.763644305,,,,,,,,,,,,,,,,,,,,,,
,17.36805688,0.006227181,,1009.285,9.014890381,,,,,,,,,,,,,,,,,,,,,,
,15.79398267,0.006230133,,429.6769444,4.133472404,,,,,,,,,,,,,,,,,,,,,,
,17.58564954,0.006273937,,1066.692361,9.499649817,,,,,,,,,,,,,,,,,,,,,,
,15.59953821,0.006326144,,653.1318056,6.026449506,,,,,,,,,,,,,,,,,,,,,,
,18.37268667,0.006566504,,859.6448611,7.312977109,,,,,,,,,,,,,,,,,,,,,,
,16.46759379,0.006573366,,1035.80875,9.132456823,,,,,,,,,,,,,,,,,,,,,,
,18.36112796,0.006707643,,1032.425139,8.042535622,,,,,,,,,,,,,,,,,,,,,,
,19.07407563,0.006724619,,813.4702778,7.45273286,,,,,,,,,,,,,,,,,,,,,,
,17.38426067,0.006743567,,664.4809722,6.029907192,,,,,,,,,,,,,,,,,,,,,,
,15.43518646,0.007020714,,215.5130556,1.863967597,,,,,,,,,,,,,,,,,,,,,,
,13.9583345,0.007645328,,426.2588889,3.681608851,,,,,,,,,,,,,,,,,,,,,,
,17.71296438,0.008053188,,859.9251389,7.818386481,,,,,,,,,,,,,,,,,,,,,,
,16.32176058,0.00876078,,511.4809722,4.683865868,,,,,,,,,,,,,,,,,,,,,,
,16.89351987,0.009186208,,709.5177778,6.439767509,,,,,,,,,,,,,,,,,,,,,,
,16.96990871,0.009280943,,827.6816667,7.222315177,,,,,,,,,,,,,,,,,,,,,,
,18.21296442,0.009405153,,1071.073611,9.981060508,,,,,,,,,,,,,,,,,,,,,,
,17.13196771,0.009558806,,815.7980556,7.161905585,,,,,,,,,,,,,,,,,,,,,,
,15.67129767,0.009788325,,368.6080556,3.341639539,,,,,,,,,,,,,,,,,,,,,,
,16.55092721,0.00983418,,757.4488889,6.788473592,,,,,,,,,,,,,,,,,,,,,,
,13.78935287,0.009995901,,320.2006944,3.047191285,,,,,,,,,,,,,,,,,,,,,,
,16.23148279,0.010071389,,577.8194444,5.287148154,,,,,,,,,,,,,,,,,,,,,,
,15.44676046,0.010115302,,339.4334722,3.20067464,,,,,,,,,,,,,,,,,,,,,,
,17.49537179,0.010359461,,662.8669444,5.961537512,,,,,,,,,,,,,,,,,,,,,,
,13.99074187,0.01066686,,425.5391667,3.949042869,,,,,,,,,,,,,,,,,,,,,,
,13.63888992,0.011105783,,345.8408333,3.184227204,,,,,,,,,,,,,,,,,,,,,,
,16.40277908,0.011272835,,495.5866667,4.598663395,,,,,,,,,,,,,,,,,,,,,,
,15.62037171,0.011614324,,420.8883333,3.690364857,,,,,,,,,,,,,,,,,,,,,,
,17.50000129,0.011696083,,602.0415278,5.337836949,,,,,,,,,,,,,,,,,,,,,,
,16.18981608,0.012460634,,541.7505556,4.829833381,,,,,,,,,,,,,,,,,,,,,,
,13.50463075,0.012613263,,456.76125,3.649401193,,,,,,,,,,,,,,,,,,,,,,
,14.4455985,0.014855567,,278.1318056,2.580131155,,,,,,,,,,,,,,,,,,,,,,
,13.91203808,0.014947539,,377.6448611,3.341844901,,,,,,,,,,,,,,,,,,,,,,
,15.07639013,0.017047073,,460.85625,4.04293198,,,,,,,,,,,,,,,,,,,,,,
,14.689816,0.017397655,,454.9144444,3.986367236,,,,,,,,,,,,,,,,,,,,,,
,13.90972333,0.017982558,,381.8669444,3.39797917,,,,,,,,,,,,,,,,,,,,,,
,14.11342692,0.018045566,,270.8883333,2.480648719,,,,,,,,,,,,,,,,,,,,,,
,16.50926071,0.019551879,,839.4120833,6.800129537,,,,,,,,,,,,,,,,,,,,,,
,14.23842712,0.02278224,,334.6234722,2.743760817,,,,,,,,,,,,,,,,,,,,,,
,16.00231617,0.024057507,,222.3491667,2.199503835,,,,,,,,,,,,,,,,,,,,,,
,10.2800935,0.032938688,,415.6923611,3.398106071,,,,,,,,,,,,,,,,,,,,,,
,13.81713075,0.037879688,,310.7719444,2.830408849,,,,,,,,,,,,,,,,,,,,,,
,15.25463075,0.040664326,,721.3325,5.845689262,,,,,,,,,,,,,,,,,,,,,,
,14.04861217,0.042536669,,410.4595833,3.518407899,,,,,,,,,,,,,,,,,,,,,,
,16.26389021,0.048597128,,705.2743056,5.841995182,,,,,,,,,,,,,,,,,,,,,,
,11.68287129,0.053597813,,342.3491667,3.509452119,,,,,,,,,,,,,,,,,,,,,,
,13.44213071,0.056304362,,424.9251389,3.794970568,,,,,,,,,,,,,,,,,,,,,,
,12.72222325,0.063643548,,486.9940278,3.950609635,,,,,,,,,,,,,,,,,,,,,,
,14.50926042,0.073697317,,550.5759722,4.261074277,,,,,,,,,,,,,,,,,,,,,,
,15.71759383,0.076063617,,761.9572222,6.34802467,,,,,,,,,,,,,,,,,,,,,,
,13.74537146,0.091231623,,343.3218056,2.752028705,,,,,,,,,,,,,,,,,,,,,,
,12.95370471,0.097767084,,226.1056944,2.175963667,,,,,,,,,,,,,,,,,,,,,,
,14.31018633,0.098536146,,244.0475,2.343286141,,,,,,,,,,,,,,,,,,,,,,
,12.4189825,0.100022694,,385.5652778,3.212492452,,,,,,,,,,,,,,,,,,,,,,
,15.1597235,0.101579147,,289.3966667,2.530630274,,,,,,,,,,,,,,,,,,,,,,
,13.23611208,0.103937448,,334.7980556,2.808458729,,,,,,,,,,,,,,,,,,,,,,
,12.67592687,0.115002369,,225.9893056,1.916771477,,,,,,,,,,,,,,,,,,,,,,
,10.21876179,0.117695348,,408.5890278,2.994915919,,,,,,,,,,,,,,,,,,,,,,
,13.87731587,0.123378035,,431.2006944,3.731704441,,,,,,,,,,,,,,,,,,,,,,
,13.09722325,0.126488371,,230.1056944,2.214032154,,,,,,,,,,,,,,,,,,,,,,
,14.38889004,0.126719278,,546.2161111,4.426195879,,,,,,,,,,,,,,,,,,,,,,
,13.53703808,0.134376791,,393.9358333,3.368107096,,,,,,,,,,,,,,,,,,,,,,
,13.525464,0.156192443,,233.4655556,2.19036431,,,,,,,,,,,,,,,,,,,,,,
,12.61111217,0.156201902,,479.9726389,3.615207225,,,,,,,,,,,,,,,,,,,,,,
,12.04861208,0.157539212,,290.8147222,2.412840324,,,,,,,,,,,,,,,,,,,,,,
,12.31944533,0.157974361,,390.7244444,3.327082857,,,,,,,,,,,,,,,,,,,,,,
,11.87268625,0.178345714,,306.6983333,2.854053744,,,,,,,,,,,,,,,,,,,,,,
,10.61805642,0.196031269,,473.8990278,3.597213166,,,,,,,,,,,,,,,,,,,,,,
,11.50694537,0.19717718,,403.5759722,3.252873026,,,,,,,,,,,,,,,,,,,,,,
,11.60416771,0.229337283,,430.7980556,3.011783053,,,,,,,,,,,,,,,,,,,,,,
,12.06944546,0.234666667,,375,3.062285778,,,,,,,,,,,,,,,,,,,,,,
,11.81481579,0.299022482,,253.9311111,2.224916953,,,,,,,,,,,,,,,,,,,,,,
,11.61805662,0.313237619,,476.1472222,3.31283643,,,,,,,,,,,,,,,,,,,,,,
,10.03240821,0.325641585,,416.6923611,2.953849942,,,,,,,,,,,,,,,,,,,,,,
,12.13888988,0.328484562,,348.4655556,2.849720643,,,,,,,,,,,,,,,,,,,,,,
,11.46064908,0.330797676,,536.4595833,3.203223717,,,,,,,,,,,,,,,,,,,,,,
,9.363426667,0.342481004,,479.0736111,3.587206678,,,,,,,,,,,,,,,,,,,,,,
,12.52083442,0.350433601,,635.80875,4.243800531,,,,,,,,,,,,,,,,,,,,,,
,9.488426667,0.354953576,,610.80875,3.937207773,,,,,,,,,,,,,,,,,,,,,,
,10.43518604,0.373577949,,641.7398611,4.19765394,,,,,,,,,,,,,,,,,,,,,,
,9.958334167,0.388340527,,364.5819444,2.715339311,,,,,,,,,,,,,,,,,,,,,,
,12.00926012,0.414301241,,387.57125,3.063621608,,,,,,,,,,,,,,,,,,,,,,
,8.972223,0.436141694,,482.3906944,2.853866039,,,,,,,,,,,,,,,,,,,,,,
,9.09953775,0.438589315,,543.2743056,3.592594518,,,,,,,,,,,,,,,,,,,,,,
,10.30092671,0.461955191,,423.7565278,2.878046672,,,,,,,,,,,,,,,,,,,,,,
,8.187500708,0.462291446,,582.0997222,3.111919072,,,,,,,,,,,,,,,,,,,,,,
,8.673611708,0.478767708,,709.85625,3.949556961,,,,,,,,,,,,,,,,,,,,,,
,8.046296875,0.506104597,,556.7980556,3.259988625,,,,,,,,,,,,,,,,,,,,,,
,7.1134265,0.528690035,,420.1056944,2.897468449,,,,,,,,,,,,,,,,,,,,,,
,7.870371083,0.533073222,,732.4488889,3.792309238,,,,,,,,,,,,,,,,,,,,,,
,7.206019042,0.555261095,,795.9726389,3.899521319,,,,,,,,,,,,,,,,,,,,,,
,9.76157475,0.568858661,,579.85625,3.090908259,,,,,,,,,,,,,,,,,,,,,,
,6.881944917,0.590808925,,911.5545833,4.152158034,,,,,,,,,,,,,,,,,,,,,,
,8.344908083,0.590972753,,572.0890278,2.979465832,,,,,,,,,,,,,,,,,,,,,,
,9.78125075,0.592686873,,519.2565278,3.266103651,,,,,,,,,,,,,,,,,,,,,,
,6.965278375,0.621511756,,854.7161111,3.716176489,,,,,,,,,,,,,,,,,,,,,,
,8.162037708,0.627089792,,705.2636111,3.253952443,,,,,,,,,,,,,,,,,,,,,,
,7.833334,0.630004658,,786.4963889,3.431925309,,,,,,,,,,,,,,,,,,,,,,
,7.340278292,0.630421433,,879.38,3.683257729,,,,,,,,,,,,,,,,,,,,,,
,5.1250005,0.632944914,,904.4963889,3.670482636,,,,,,,,,,,,,,,,,,,,,,
,6.664352542,0.633979293,,898.85625,3.570990825,,,,,,,,,,,,,,,,,,,,,,
,7.627315375,0.634822405,,914.6234722,3.902184607,,,,,,,,,,,,,,,,,,,,,,
,7.613426667,0.63542019,,669.2636111,3.160025067,,,,,,,,,,,,,,,,,,,,,,
,7.57407475,0.636889725,,721.5438889,3.325844144,,,,,,,,,,,,,,,,,,,,,,
,8.104167417,0.639169223,,692.8455556,3.372650175,,,,,,,,,,,,,,,,,,,,,,
,6.807870958,0.642690984,,738.85625,3.468679056,,,,,,,,,,,,,,,,,,,,,,
,7.398148833,0.64920075,,769.6709722,3.622875333,,,,,,,,,,,,,,,,,,,,,,
,7.543982083,0.656798047,,740.0890278,3.707663925,,,,,,,,,,,,,,,,,,,,,,
,6.534722875,0.659100283,,853.6234722,3.428240509,,,,,,,,,,,,,,,,,,,,,,
,6.342593125,0.666956099,,906.7873611,3.580304504,,,,,,,,,,,,,,,,,,,,,,
,6.622685667,0.667536356,,920.4013889,3.823207974,,,,,,,,,,,,,,,,,,,,,,
,9.821760125,0.67130834,,435.0581944,2.532786109,,,,,,,,,,,,,,,,,,,,,,
,4.215278125,0.6713971,,1046.85625,3.931300084,,,,,,,,,,,,,,,,,,,,,,
,5.446759708,0.672129971,,1006.496389,3.699430056,,,,,,,,,,,,,,,,,,,,,,
,6.548611708,0.672711786,,968.5652778,3.851144969,,,,,,,,,,,,,,,,,,,,,,
,6.733796833,0.673584152,,916.0094444,3.563953386,,,,,,,,,,,,,,,,,,,,,,
,6.817130208,0.675692683,,844.8776389,3.418545999,,,,,,,,,,,,,,,,,,,,,,
,7.967593292,0.677357531,,805.8455556,3.452371682,,,,,,,,,,,,,,,,,,,,,,
,7.858796917,0.678440098,,544.2220833,2.99829364,,,,,,,,,,,,,,,,,,,,,,
,3.972222542,0.680470503,,979.5652778,3.619339226,,,,,,,,,,,,,,,,,,,,,,
,6.650463542,0.680666155,,792.2743056,3.421012334,,,,,,,,,,,,,,,,,,,,,,
,7.675926583,0.680678674,,576.2220833,3.276956954,,,,,,,,,,,,,,,,,,,,,,
,3.664352083,0.682334037,,1079.750556,3.80447576,,,,,,,,,,,,,,,,,,,,,,
,5.849537542,0.682928141,,826.3111111,3.364391748,,,,,,,,,,,,,,,,,,,,,,
,5.023148583,0.686613261,,1019.507083,3.910839244,,,,,,,,,,,,,,,,,,,,,,
,7.520834125,0.686847185,,839.8455556,3.51814985,,,,,,,,,,,,,,,,,,,,,,
,6.615741333,0.694311558,,932.3218056,3.572147791,,,,,,,,,,,,,,,,,,,,,,
,7.729167375,0.701718188,,787.8455556,3.52050671,,,,,,,,,,,,,,,,,,,,,,
,6.682870917,0.707355946,,919.2054167,3.421182661,,,,,,,,,,,,,,,,,,,,,,
,7.543982208,0.709122933,,886.9726389,3.594174874,,,,,,,,,,,,,,,,,,,,,,
,5.912037458,0.711556027,,780.0475,3.447907238,,,,,,,,,,,,,,,,,,,,,,
,6.495370833,0.712767279,,926.0783333,3.654457731,,,,,,,,,,,,,,,,,,,,,,
,4.87731525,0.714444585,,1040.078333,3.58996844,,,,,,,,,,,,,,,,,,,,,,
,3.817129875,0.715433244,,1212.369306,4.022277265,,,,,,,,,,,,,,,,,,,,,,
,6.789352208,0.716745549,,935.5545833,3.382979161,,,,,,,,,,,,,,,,,,,,,,
,3.826389125,0.717638715,,747.2695833,3.16129825,,,,,,,,,,,,,,,,,,,,,,
,6.543982,0.719488486,,648.8147222,3.618586414,,,,,,,,,,,,,,,,,,,,,,
,7.668982042,0.719968072,,696.3491667,3.415642864,,,,,,,,,,,,,,,,,,,,,,
,2.555555625,0.727539236,,1038.681667,3.408412466,,,,,,,,,,,,,,,,,,,,,,
,6.534722667,0.729515382,,698.7458333,2.903532978,,,,,,,,,,,,,,,,,,,,,,
,5.439815292,0.729926314,,1070.078333,3.834710715,,,,,,,,,,,,,,,,,,,,,,
,6.293981958,0.730317256,,990.0522222,3.581169307,,,,,,,,,,,,,,,,,,,,,,
,4.543981792,0.735270813,,1091.681667,3.840425508,,,,,,,,,,,,,,,,,,,,,,
,5.525463458,0.738784332,,941.7505556,3.751536858,,,,,,,,,,,,,,,,,,,,,,
,3.75000025,0.739102539,,1096.216111,3.603596127,,,,,,,,,,,,,,,,,,,,,,
,4.127315167,0.739801379,,1114.533194,3.5677552,,,,,,,,,,,,,,,,,,,,,,
,1.745370583,0.741660029,,1184.485694,3.634786481,,,,,,,,,,,,,,,,,,,,,,
,4.233796667,0.742489073,,1087.3325,3.751523972,,,,,,,,,,,,,,,,,,,,,,
,2.962963167,0.7444677,,1279.681667,3.824241456,,,,,,,,,,,,,,,,,,,,,,
,2.148148375,0.745057228,,1290.485694,3.559954625,,,,,,,,,,,,,,,,,,,,,,
,8.2152785,0.745866427,,762.6227718,3.630587806,,,,,,,,,,,,,,,,,,,,,,
,6.699074583,0.746244938,,736.9311111,3.262380445,,,,,,,,,,,,,,,,,,,,,,
,3.2222225,0.746583887,,1160.147222,3.789869833,,,,,,,,,,,,,,,,,,,,,,
,1.689814917,0.746813881,,1216.496389,3.63689141,,,,,,,,,,,,,,,,,,,,,,
,4.553241208,0.748302543,,1096.554583,3.450042855,,,,,,,,,,,,,,,,,,,,,,
,4.796296708,0.753075756,,1202.798056,3.800746227,,,,,,,,,,,,,,,,,,,,,,
,6.159722792,0.755521385,,830.3384722,3.485631046,,,,,,,,,,,,,,,,,,,,,,
,2.11111125,0.756558751,,1359.670972,3.727673005,,,,,,,,,,,,,,,,,,,,,,
,6.148148792,0.756960566,,1040.983333,3.561101498,,,,,,,,,,,,,,,,,,,,,,
,3.199074333,0.75757501,,1171.496389,3.515994695,,,,,,,,,,,,,,,,,,,,,,
,4.208333667,0.75835953,,1179.438194,3.836312403,,,,,,,,,,,,,,,,,,,,,,
,5.391204125,0.759257928,,1079.994028,3.594617576,,,,,,,,,,,,,,,,,,,,,,
,5.791667167,0.759668532,,773.9311111,3.256491433,,,,,,,,,,,,,,,,,,,,,,
,6.34722275,0.762054555,,798.5023611,3.26504905,,,,,,,,,,,,,,,,,,,,,,
,1.703703833,0.768273306,,854.4548611,3.094420948,,,,,,,,,,,,,,,,,,,,,,
,3.96990775,0.771330092,,1228.845556,3.831394785,,,,,,,,,,,,,,,,,,,,,,
,5.293981875,0.77178235,,1112.972639,3.503984289,,,,,,,,,,,,,,,,,,,,,,
,3.368055792,0.772526939,,1235.311111,3.708043302,,,,,,,,,,,,,,,,,,,,,,
,3.349537375,0.773905291,,858.0475,3.174184631,,,,,,,,,,,,,,,,,,,,,,
,0.988426125,0.776264601,,1385.565278,3.846435407,,,,,,,,,,,,,,,,,,,,,,
,3.259259375,0.777275204,,1266.136528,3.541733743,,,,,,,,,,,,,,,,,,,,,,
,2.178240958,0.779739269,,1339.321806,3.845966835,,,,,,,,,,,,,,,,,,,,,,
,6.800926542,0.780907621,,821.57125,3.48580403,,,,,,,,,,,,,,,,,,,,,,
,4.115741042,0.782321087,,1166.85625,3.731223126,,,,,,,,,,,,,,,,,,,,,,
,4.67592625,0.782504534,,1026.082801,3.426466944,,,,,,,,,,,,,,,,,,,,,,
,2.550926125,0.782854466,,1317.089028,3.581990263,,,,,,,,,,,,,,,,,,,,,,
,3.914352083,0.783545884,,1233.517778,3.630015576,,,,,,,,,,,,,,,,,,,,,,
,6.879630333,0.785941664,,967.0261111,3.384516568,,,,,,,,,,,,,,,,,,,,,,
,4.423611458,0.78795263,,1197.845556,3.362462193,,,,,,,,,,,,,,,,,,,,,,
,4.37500025,0.78818069,,1203.85625,3.523306487,,,,,,,,,,,,,,,,,,,,,,
,-2.435185542,0.78827136,,1563.321806,3.610123021,,,,,,,,,,,,,,,,,,,,,,
,2.481481792,0.790212227,,1339.448889,3.724513102,,,,,,,,,,,,,,,,,,,,,,
,1.513889,0.791155233,,1369.438194,3.644443264,,,,,,,,,,,,,,,,,,,,,,
,4.229166917,0.793270608,,1252.845556,3.597850181,,,,,,,,,,,,,,,,,,,,,,
,3.277778042,0.793687221,,1303.845556,3.547030091,,,,,,,,,,,,,,,,,,,,,,
,1.236111167,0.79549415,,1334.925139,3.255989607,,,,,,,,,,,,,,,,,,,,,,
,2.148148375,0.797429116,,1342.739861,3.483016691,,,,,,,,,,,,,,,,,,,,,,
,5.386574458,0.79941346,,947.2220833,3.577790103,,,,,,,,,,,,,,,,,,,,,,
,3.310185583,0.800357516,,1337.390694,3.798244916,,,,,,,,,,,,,,,,,,,,,,
,1.861111167,0.800566759,,1406.485694,3.808347149,,,,,,,,,,,,,,,,,,,,,,
,-0.307870375,0.800654081,,1535.020139,3.53617455,,,,,,,,,,,,,,,,,,,,,,
,3.650463208,0.800912177,,989.5130556,3.294602792,,,,,,,,,,,,,,,,,,,,,,
,2.634259458,0.801469715,,1420.438194,3.819987682,,,,,,,,,,,,,,,,,,,,,,
,2.9837965,0.801520877,,1395.612778,3.724508382,,,,,,,,,,,,,,,,,,,,,,
,2.041666792,0.80208226,,1414.729167,3.630018171,,,,,,,,,,,,,,,,,,,,,,
,7.083333917,0.802744268,,826.3384722,3.672115993,,,,,,,,,,,,,,,,,,,,,,
,5.423611542,0.803250274,,889.4548611,3.294147914,,,,,,,,,,,,,,,,,,,,,,
,1.293981542,0.804426239,,1436.798056,3.767952868,,,,,,,,,,,,,,,,,,,,,,
,6.131944875,0.804698932,,875.57125,3.599609782,,,,,,,,,,,,,,,,,,,,,,
,1.342592667,0.80483163,,1168.222083,3.7938162,,,,,,,,,,,,,,,,,,,,,,
,1.719907458,0.805883477,,1123.036806,3.422425628,,,,,,,,,,,,,,,,,,,,,,
,2.379629833,0.806375632,,1451.263611,3.550683469,,,,,,,,,,,,,,,,,,,,,,
,1.47453725,0.807862337,,1420.85625,3.543895734,,,,,,,,,,,,,,,,,,,,,,
,1.979166875,0.80826785,,1507.311111,3.918446337,,,,,,,,,,,,,,,,,,,,,,
,4.168981708,0.809679427,,1192.724444,3.338901614,,,,,,,,,,,,,,,,,,,,,,
,1.789352,0.810379868,,1408.078333,3.344758231,,,,,,,,,,,,,,,,,,,,,,
,-0.65972225,0.810581437,,1362.062917,3.15693827,,,,,,,,,,,,,,,,,,,,,,
,4.557870708,0.811187201,,1313.470278,3.794066825,,,,,,,,,,,,,,,,,,,,,,
,1.268518667,0.811987791,,1462.670972,3.610547256,,,,,,,,,,,,,,,,,,,,,,
,-0.125000083,0.812398553,,1497.85625,3.351302105,,,,,,,,,,,,,,,,,,,,,,
,5.997685708,0.814184883,,920.2695833,3.310553243,,,,,,,,,,,,,,,,,,,,,,
,1.7962965,0.814941486,,1480.612778,3.795853184,,,,,,,,,,,,,,,,,,,,,,
,0.497685208,0.815447242,,1549.692361,3.725933156,,,,,,,,,,,,,,,,,,,,,,
,-0.287037042,0.815879102,,1781.438194,4.236093679,,,,,,,,,,,,,,,,,,,,,,
,4.335648583,0.816180072,,935.6983333,3.066148336,,,,,,,,,,,,,,,,,,,,,,
,-1.796296375,0.819131742,,1664.194722,3.693498632,,,,,,,,,,,,,,,,,,,,,,
,0.90972225,0.819273233,,1671.030833,3.933219879,,,,,,,,,,,,,,,,,,,,,,
,1.138888958,0.819612539,,1480.147222,3.542118578,,,,,,,,,,,,,,,,,,,,,,
,0.738425917,0.819756039,,1503.517778,3.501618428,,,,,,,,,,,,,,,,,,,,,,
,1.895833458,0.82036186,,1441.787361,3.539426122,,,,,,,,,,,,,,,,,,,,,,
,2.446759292,0.820472963,,1481.670972,3.826129552,,,,,,,,,,,,,,,,,,,,,,
,0.692129583,0.820688842,,1461.147222,3.539849369,,,,,,,,,,,,,,,,,,,,,,
,1.379629667,0.82099161,,1497.136528,3.40149607,,,,,,,,,,,,,,,,,,,,,,
,-0.250000083,0.821217404,,1560.554583,3.578219669,,,,,,,,,,,,,,,,,,,,,,
,-4.541667042,0.82201537,,1634.972639,3.180336374,,,,,,,,,,,,,,,,,,,,,,
,2.414352042,0.823516194,,1422.226806,3.677659784,,,,,,,,,,,,,,,,,,,,,,
,1.703703792,0.824159023,,1171.513056,3.682259434,,,,,,,,,,,,,,,,,,,,,,
,-0.581018583,0.824946046,,1685.194722,4.112130614,,,,,,,,,,,,,,,,,,,,,,
,4.61342625,0.825166531,,989.5130556,3.43747303,,,,,,,,,,,,,,,,,,,,,,
,1.131944667,0.825629289,,1577.099722,3.999333861,,,,,,,,,,,,,,,,,,,,,,
,2.159722417,0.825782299,,1532.565278,3.990480551,,,,,,,,,,,,,,,,,,,,,,
,-0.178240792,0.82585175,,1625.052222,3.775322809,,,,,,,,,,,,,,,,,,,,,,
,-3.449109833,0.825862308,,2009.90375,4.129000578,,,,,,,,,,,,,,,,,,,,,,
,-1.307870542,0.826984485,,1548.994028,3.400641012,,,,,,,,,,,,,,,,,,,,,,
,-0.037037125,0.828395769,,1550.078333,3.530062022,,,,,,,,,,,,,,,,,,,,,,
,-0.599537167,0.828619068,,1633.787361,3.564124414,,,,,,,,,,,,,,,,,,,,,,
,0.972222333,0.831955721,,1588.866944,3.859933972,,,,,,,,,,,,,,,,,,,,,,
,5.00694475,0.832061398,,1042.0475,3.491290242,,,,,,,,,,,,,,,,,,,,,,
,-1.116895125,0.833215491,,1684.80875,3.723630584,,,,,,,,,,,,,,,,,,,,,,
,0.15277775,0.833956609,,1662.216111,3.705853816,,,,,,,,,,,,,,,,,,,,,,
,-2.650463167,0.833975334,,1686.496389,3.460611289,,,,,,,,,,,,,,,,,,,,,,
,-1.36111125,0.834863336,,1350.396667,3.636152938,,,,,,,,,,,,,,,,,,,,,,
,-3.692129875,0.835158518,,1656.136528,3.356099677,,,,,,,,,,,,,,,,,,,,,,
,-1.958333542,0.837434106,,1796.194722,3.948305841,,,,,,,,,,,,,,,,,,,,,,
,0.027777833,0.838240561,,1613.507083,3.711254139,,,,,,,,,,,,,,,,,,,,,,
,4.120370667,0.838582318,,1344.338472,3.770505981,,,,,,,,,,,,,,,,,,,,,,
,-0.166666792,0.839560434,,1745.205417,3.976673707,,,,,,,,,,,,,,,,,,,,,,
,0.092592625,0.839770019,,1641.390694,3.827775449,,,,,,,,,,,,,,,,,,,,,,
,-2.743055833,0.840532206,,1787.194722,3.745028209,,,,,,,,,,,,,,,,,,,,,,
,-2.261574292,0.8414711,,1753.623472,3.785904998,,,,,,,,,,,,,,,,,,,,,,
,9.520834083,0.843137255,,510,2.811612038,,,,,,,,,,,,,,,,,,,,,,
,-1.250000292,0.843536391,,1629.771944,3.328098716,,,,,,,,,,,,,,,,,,,,,,
,-0.3310185,0.844761064,,1816.554583,4.144729599,,,,,,,,,,,,,,,,,,,,,,
,-3.090278042,0.845347012,,1836.369306,3.812896081,,,,,,,,,,,,,,,,,,,,,,
,1.442129708,0.847698438,,1792.496389,4.076814808,,,,,,,,,,,,,,,,,,,,,,
,1.192129708,0.85091071,,1260.989306,3.422503652,,,,,,,,,,,,,,,,,,,,,,
,-0.020833417,0.851251609,,1284.0475,3.482534794,,,,,,,,,,,,,,,,,,,,,,
,-0.032407583,0.852916748,,1550.1425,3.322845169,,,,,,,,,,,,,,,,,,,,,,
,-1.439815,0.853588685,,2008.041528,4.18419914,,,,,,,,,,,,,,,,,,,,,,
,-2.071759417,0.853761509,,1285.57125,3.047962007,,,,,,,,,,,,,,,,,,,,,,
,2.023148292,0.855091186,,1566.502361,3.802000079,,,,,,,,,,,,,,,,,,,,,,
,-2.703703917,0.861778244,,1982.321806,3.943419994,,,,,,,,,,,,,,,,,,,,,,
,-3.381944792,0.862731363,,1376.862222,3.057233777,,,,,,,,,,,,,,,,,,,,,,
,1.03472225,0.86308485,,1278.163889,3.220119292,,,,,,,,,,,,,,,,,,,,,,
,4.581018958,0.863800228,,826.6226179,2.97255481,,,,,,,,,,,,,,,,,,,,,,
,-3.601852125,0.865432742,,2010.147222,3.834996655,,,,,,,,,,,,,,,,,,,,,,
,-2.696759542,0.866807544,,1944.554583,3.750269669,,,,,,,,,,,,,,,,,,,,,,
,-1.199074125,0.867463962,,1380.756528,3.484026218,,,,,,,,,,,,,,,,,,,,,,
,-2.104166833,0.867682417,,2055.660278,4.111043813,,,,,,,,,,,,,,,,,,,,,,
,2.606481708,0.868383283,,1253.640139,3.629419977,,,,,,,,,,,,,,,,,,,,,,
,0.287037,0.868532771,,1323.52375,3.477731337,,,,,,,,,,,,,,,,,,,,,,
,1.155092583,0.869527607,,1394.931111,3.657582751,,,,,,,,,,,,,,,,,,,,,,
,1.351851917,0.869637385,,1319.396667,3.570853114,,,,,,,,,,,,,,,,,,,,,,
,0.956018458,0.872594852,,1357.872917,3.43930206,,,,,,,,,,,,,,,,,,,,,,
,-2.972222458,0.872738383,,1453.698333,3.326132399,,,,,,,,,,,,,,,,,,,,,,
,-4.479167,0.873277904,,2020.168611,4.121927239,,,,,,,,,,,,,,,,,,,,,,
,-3.210648417,0.873365654,,2061.052222,3.841333779,,,,,,,,,,,,,,,,,,,,,,
,-1.217592667,0.873941532,,1459.640139,3.509588907,,,,,,,,,,,,,,,,,,,,,,
,-3.025463292,0.874500336,,1625.502361,3.819786519,,,,,,,,,,,,,,,,,,,,,,
,-2.766203917,0.87687253,,1526.872917,3.518621926,,,,,,,,,,,,,,,,,,,,,,
,0.287037125,0.877351002,,1434.989306,3.695943648,,,,,,,,,,,,,,,,,,,,,,
,-0.89814825,0.878982588,,1404.756528,3.33546237,,,,,,,,,,,,,,,,,,,,,,
,-0.650463,0.879107896,,1555.105694,4.015760561,,,,,,,,,,,,,,,,,,,,,,
,-1.557870625,0.879583739,,1494.814722,3.665822683,,,,,,,,,,,,,,,,,,,,,,
,-1.530092708,0.879947253,,1540.989306,3.636032932,,,,,,,,,,,,,,,,,,,,,,
,-1.062500167,0.881273204,,1532.931111,3.628346273,,,,,,,,,,,,,,,,,,,,,,
,5.837963458,0.881899872,,779,2.839535944,,,,,,,,,,,,,,,,,,,,,,
,0.407407458,0.88344379,,1458.52375,3.616019768,,,,,,,,,,,,,,,,,,,,,,
,0.604166625,0.884623471,,1508.105694,3.746840842,,,,,,,,,,,,,,,,,,,,,,
,-4.298611417,0.896673037,,1664.61875,3.828993065,,,,,,,,,,,,,,,,,,,,,,
,-3.967593125,0.902865958,,1708.978611,3.9338357,,,,,,,,,,,,,,,,,,,,,,
,-10.59722313,0.904261431,,2646.443889,3.953252963,,,,,,,,,,,,,,,,,,,,,,
,4.331018875,0.904853339,,822.3978495,3.013466879,,,,,,,,,,,,,,,,,,,,,,
,1.46064825,0.905129348,,890.7501111,2.883894115,,,,,,,,,,,,,,,,,,,,,,
,-10.59722313,0.905382669,,2599.946528,3.883795291,,,,,,,,,,,,,,,,,,,,,,
,0.5555555,0.909090909,,1238,3.427297526,,,,,,,,,,,,,,,,,,,,,,
,4.953704042,0.910560345,,1000,3.427815156,,,,,,,,,,,,,,,,,,,,,,
,4.43287075,0.91243717,,921.8284434,3.080689529,,,,,,,,,,,,,,,,,,,,,,
,4.43287075,0.913850554,,856.7321378,2.863141992,,,,,,,,,,,,,,,,,,,,,,
,3.497685417,0.914085914,,1073,3.32702241,,,,,,,,,,,,,,,,,,,,,,
,0.5555555,0.914378029,,1238,3.427297526,,,,,,,,,,,,,,,,,,,,,,
,4.104167083,0.914744233,,1069,3.512361263,,,,,,,,,,,,,,,,,,,,,,
,1.071759333,0.914803951,,994.3886237,2.983011334,,,,,,,,,,,,,,,,,,,,,,
,4.953704042,0.917,,1000,3.427815156,,,,,,,,,,,,,,,,,,,,,,
,1.5949075,0.9197531,,985.8009394,2.792470967,,,,,,,,,,,,,,,,,,,,,,
,3.497685417,0.919850885,,1073,3.32702241,,,,,,,,,,,,,,,,,,,,,,
,4.104167083,0.920486436,,1069,3.512361263,,,,,,,,,,,,,,,,,,,,,,
,5.337963417,0.923135424,,1010.657376,3.278294537,,,,,,,,,,,,,,,,,,,,,,
,3.881944708,0.926022355,,870.3736965,2.84314502,,,,,,,,,,,,,,,,,,,,,,
,3.22453725,0.928029853,,1005.293333,3.081665432,,,,,,,,,,,,,,,,,,,,,,
,1.30324075,0.935119887,,1114.647059,3.0427607,,,,,,,,,,,,,,,,,,,,,,
,5.395833792,0.936904039,,986.3209683,3.230337745,,,,,,,,,,,,,,,,,,,,,,
,2.111111208,0.942475283,,1001.989222,3.051025808,,,,,,,,,,,,,,,,,,,,,,
,-9.884260083,0.943692474,,1919,4.23395431,,,,,,,,,,,,,,,,,,,,,,
,-3.203704042,0.944210529,,1358.378214,3.176416233,,,,,,,,,,,,,,,,,,,,,,
,5.296296708,0.945801182,,893.3645556,2.938432944,,,,,,,,,,,,,,,,,,,,,,
,-9.884260083,0.945805107,,1919,4.23395431,,,,,,,,,,,,,,,,,,,,,,
,1.067129792,0.947108877,,1041.083806,3.138908906,,,,,,,,,,,,,,,,,,,,,,
,0.618055625,0.947790579,,1073.356691,3.144032554,,,,,,,,,,,,,,,,,,,,,,
,2.217592833,0.950519131,,1034.558556,3.010979779,,,,,,,,,,,,,,,,,,,,,,
,0.15277775,0.950765569,,1028.742379,2.945765282,,,,,,,,,,,,,,,,,,,,,,
,4.701389208,0.951304795,,937.3679298,2.814516853,,,,,,,,,,,,,,,,,,,,,,
,-4.567130042,0.953211304,,1508.452215,3.312167282,,,,,,,,,,,,,,,,,,,,,,
,-0.113426042,0.953213368,,1164.071785,3.029874977,,,,,,,,,,,,,,,,,,,,,,
,2.8333335,0.954296425,,1052.007797,3.084609121,,,,,,,,,,,,,,,,,,,,,,
,2.07407425,0.954801987,,1113.926712,3.086775998,,,,,,,,,,,,,,,,,,,,,,
,5.814815167,0.956264608,,964.3624552,2.87551279,,,,,,,,,,,,,,,,,,,,,,
,1.76157425,0.9564187,,1194.029904,3.337044508,,,,,,,,,,,,,,,,,,,,,,
,0.821759333,0.957554838,,1176.110955,3.022663516,,,,,,,,,,,,,,,,,,,,,,
,4.782407833,0.958112617,,1084.126708,3.017661001,,,,,,,,,,,,,,,,,,,,,,
,-0.212962917,0.95832789,,1202.137157,3.310208074,,,,,,,,,,,,,,,,,,,,,,
,0.53472225,0.959820932,,1159.79303,3.108218522,,,,,,,,,,,,,,,,,,,,,,
,-0.942129625,0.959975592,,1382.826691,3.304048764,,,,,,,,,,,,,,,,,,,,,,
,-0.187505667,0.960378571,,1142.836374,2.972880144,,,,,,,,,,,,,,,,,,,,,,
,1.912037125,0.9621506,,1155.461299,3.191524081,,,,,,,,,,,,,,,,,,,,,,
,0.131944375,0.962296011,,1214.349569,3.083118068,,,,,,,,,,,,,,,,,,,,,,
,3.129629792,0.962647456,,1085.782556,2.945049319,,,,,,,,,,,,,,,,,,,,,,
,0.793981625,0.962945638,,1177.356855,3.077352802,,,,,,,,,,,,,,,,,,,,,,
,4.60879675,0.964333773,,1147.217813,3.068514042,,,,,,,,,,,,,,,,,,,,,,
,2.173611292,0.964593604,,1314.103253,3.311329871,,,,,,,,,,,,,,,,,,,,,,
,-0.328703792,0.964612464,,1409.553379,3.358498028,,,,,,,,,,,,,,,,,,,,,,
,-0.821759292,0.964879506,,1420.421268,3.400409895,,,,,,,,,,,,,,,,,,,,,,
,4.736111458,0.965027249,,1121.58162,3.166247111,,,,,,,,,,,,,,,,,,,,,,
,4.129629958,0.965135845,,1195.029271,3.125341796,,,,,,,,,,,,,,,,,,,,,,
,2.752314958,0.965157507,,1156.652,3.287391655,,,,,,,,,,,,,,,,,,,,,,
,0.618055583,0.965286977,,1271.663421,3.088056247,,,,,,,,,,,,,,,,,,,,,,
,0.877314875,0.96575642,,1287.19031,3.181306432,,,,,,,,,,,,,,,,,,,,,,
,-2.8217595,0.965874583,,1400.413574,2.960354829,,,,,,,,,,,,,,,,,,,,,,
,1.247685208,0.967372625,,1468.671574,3.27477168,,,,,,,,,,,,,,,,,,,,,,
,1.516203792,0.968789151,,1104.87435,2.939606095,,,,,,,,,,,,,,,,,,,,,,
,1.365741,0.968833144,,1248.987455,3.13565764,,,,,,,,,,,,,,,,,,,,,,
,0.645833458,0.96897702,,1194.673084,3.220855316,,,,,,,,,,,,,,,,,,,,,,
,4.555555875,0.969451371,,1114.572725,3.165342765,,,,,,,,,,,,,,,,,,,,,,
,2.212963125,0.969722927,,1108.611165,2.97230247,,,,,,,,,,,,,,,,,,,,,,
,-0.495370375,0.969737297,,1253.19613,3.007736554,,,,,,,,,,,,,,,,,,,,,,
,-0.138888833,0.970444971,,1321.764855,3.059494961,,,,,,,,,,,,,,,,,,,,,,
,3.527778125,0.970725733,,1159.572725,3.153921631,,,,,,,,,,,,,,,,,,,,,,
,0.94212975,0.970880332,,1348.70641,3.071052094,,,,,,,,,,,,,,,,,,,,,,
,-0.449074167,0.971158799,,1268.806381,3.140571734,,,,,,,,,,,,,,,,,,,,,,
,4.856481875,0.971487403,,1037.476949,2.818230661,,,,,,,,,,,,,,,,,,,,,,
,-0.750069208,0.97186199,,1274.760452,3.2660342,,,,,,,,,,,,,,,,,,,,,,
,1.053240833,0.97233217,,1258.986776,3.007105755,,,,,,,,,,,,,,,,,,,,,,
,2.115740833,0.972541776,,1212.664942,3.20431446,,,,,,,,,,,,,,,,,,,,,,
,-0.763888875,0.972646195,,1333.622048,3.193381843,,,,,,,,,,,,,,,,,,,,,,
,0.023148208,0.972691117,,1421.552492,3.518628569,,,,,,,,,,,,,,,,,,,,,,
,-2.393518667,0.973163894,,1298.769297,3.139341575,,,,,,,,,,,,,,,,,,,,,,
,-2.148148292,0.975876351,,1402.822668,2.974113737,,,,,,,,,,,,,,,,,,,,,,
,-3.743055875,0.976063731,,1418.019889,3.009184639,,,,,,,,,,,,,,,,,,,,,,
,-4.611111583,0.976084366,,1418.125889,2.757296346,,,,,,,,,,,,,,,,,,,,,,
,-7.902778375,0.977403174,,1819.076929,3.184783132,,,,,,,,,,,,,,,,,,,,,,
,-1.171296458,0.977746098,,1597.786738,3.651599562,,,,,,,,,,,,,,,,,,,,,,
,-6.356482083,0.978406561,,1899.866485,3.442167226,,,,,,,,,,,,,,,,,,,,,,
,-0.699074167,0.978769629,,1365.687394,2.966902036,,,,,,,,,,,,,,,,,,,,,,
,0.395833292,0.979802612,,1430.398616,3.388626299,,,,,,,,,,,,,,,,,,,,,,
,-7.641204417,0.981148857,,1752.405444,3.410082496,,,,,,,,,,,,,,,,,,,,,,
,-11.51157492,0.982533334,,1951.43161,3.317004754,,,,,,,,,,,,,,,,,,,,,,
,-7.180556125,0.983585081,,1882.597296,3.243449415,,,,,,,,,,,,,,,,,,,,,,
,-3.601852208,0.983803018,,1603.468514,3.220543532,,,,,,,,,,,,,,,,,,,,,,
,-6.467593167,0.983824165,,1549.966598,2.730577371,,,,,,,,,,,,,,,,,,,,,,
,-6.178241125,0.985459801,,2068.410218,3.506880032,,,,,,,,,,,,,,,,,,,,,,
,-12.31713058,0.985659418,,1778.180851,3.093726623,,,,,,,,,,,,,,,,,,,,,,
,-9.326389625,0.985899154,,1827.189268,3.34084123,,,,,,,,,,,,,,,,,,,,,,
,-5.622685625,0.986813329,,1955.815935,3.247936683,,,,,,,,,,,,,,,,,,,,,,
,-7.912037667,0.987745718,,2383.933705,3.841795479,,,,,,,,,,,,,,,,,,,,,,
,-9.1296305,0.987810465,,2510.308519,3.8960057,,,,,,,,,,,,,,,,,,,,,,
,-6.946759833,0.988041791,,2149.49949,3.56336761,,,,,,,,,,,,,,,,,,,,,,
,-11.39583429,0.988632307,,2623.410218,3.819091617,,,,,,,,,,,,,,,,,,,,,,
,-12.47916767,0.989615569,,2368.940487,3.369014791,,,,,,,,,,,,,,,,,,,,,,
,-13.69907512,0.991455889,,2860.415154,4.133404272,,,,,,,,,,,,,,,,,,,,,,