,,1,2,3,4,5,6,7,8,9,10,11,12,13,14,15,16,17,18,19,20,21,22,23,24,25,26,27,28,29,30,31,32,33,34,35,36,37,,,,,,,,,,,,,,,,,,
ODA Temperature (°C),Count,ODA Temperature (°C),EL 007 (kW),GHE EFT (°C),GHE ExFT (°C),Clg Provided (kW),Bldg Htg Provided (kW),EL 003 (kW),CP Energy (kW),DHW Provided by HP (kW),DHW by LPS (kW),Useful Bldg Htg by LPS (kW),Bldg Htg Uncertainty (kW),Bldg Clg Uncertainty (kW),DHW Htg by HP Uncertainty (kW),Bldg + DHW Htg by HP Uncertainty (kW),EL007+EL011 Uncertainty (kW),EL011 Uncertainty (kW),LPS DHW Uncertainty (kW),LPS Elec. Usage (kW),HtgFrac,COP H4,COP H3,COP H2,COP C3,COP C2,Overall (H+C) COP,Not used,Not used,Not used,Not used,Not used,Error COP H3,Error COP H2,Error COP H3b,Error COP C2,,,,,,,,,,,,,,,,,,,,
-15,1,-14.666668,18.98,6.1,7.6,3,77,10.99,1.03136782,0,0,3,3.865876356,0.158113883,0,3.865876356,0.281546276,0.19,0,3,0.9625,2.706554514,4.005469162,4.536699432,7.279344859,77.5668956,4.147642517,0,0,0,0,0.158076402,0.201625519,0.239880714,0.201625519,14.810642,,,,,,,,,,,,,,,,,,0.9625,,
-14,6,-13.97222367,19.08333333,6.2,7.616666667,4.333333333,67.66666667,11.00666667,1.014191747,0.092958793,0.009699074,3,3.402229348,0.230518101,0.006991726,3.402347876,0.278749357,0.19,0.002785847,3.009699074,0.939892419,2.404795582,3.532008925,3.979571336,6.549935687,71.08415049,3.736910767,0,0,0,0,0.139716284,0.176773546,0.210175004,0.176773601,13.78702919,,,,,,,,,,,,,,,,,,0.939892419,,
-13,5,-12.9222234,20.34,5.62,7.62,4.6,70.4,11.058,1.03136782,0.111550551,0.011638889,3,3.545149817,0.245638359,0.008390071,3.54532548,0.286064381,0.19,0.003343016,3.011638889,0.938757755,2.39327197,3.450463849,3.853813437,6.792507737,72.8271225,3.655507223,0,0,0,0,0.138984538,0.172711144,0.202922087,0.172711216,13.90704472,,,,,,,,,,,,,,,,,,0.938757755,,
-12,3,-12.20370467,25.82,5.366666667,7.4,10,120.3333333,12.60666667,1.109967557,1.115505515,0.116388889,3,6.034644618,0.613990147,0.083900713,6.035738608,0.329550129,0.19,0.033430163,3.116388889,0.923924775,3.324610836,4.640073929,5.118131165,10.42693063,118.4258387,4.996858145,0,0,0,0,0.192023069,0.231935387,0.264108574,0.23193873,21.10879651,,,,,,,,,,,,,,,,,,0.923924775,,
-11,5,-11.0222232,28.886,5.18,7.26,11.2,113.4,14.214,1.270769989,2.454112133,0.256055556,3,5.688069456,0.602440703,0.184581569,5.692395123,0.360838656,0.19,0.073546359,3.256055556,0.911848583,2.846324057,3.964425346,4.324739049,8.938659922,99.98198985,4.321091673,0,0,0,0,0.16196862,0.195354944,0.220349806,0.19537028,15.73549407,,,,,,,,,,,,,,,,,,0.911848583,,
-10,12,-9.89351925,22.33,6.075,7.783333333,7.583333333,84.91666667,12.36666667,1.112145401,1.069026118,0.111539352,3,4.265021255,0.40027876,0.08040485,4.266741078,0.306006515,0.19,0.03203724,3.111539352,0.918954662,2.644273716,3.815398655,4.248205942,7.566228527,84.13380663,4.124220024,0,0,0,0,0.152026037,0.189431147,0.220375243,0.189436115,14.96756067,,,,,,,,,,,,,,,,,,0.918954662,,
-9,6,-9.2407415,29.57833333,5.15,7.483333333,12.66666667,104.5,13.91833333,1.26911229,2.974681373,0.31037037,3,5.242496643,0.663123022,0.223735235,5.24915163,0.362190853,0.19,0.089147102,3.31037037,0.894568632,2.635904377,3.607030843,3.921965423,8.631877479,94.66565645,4.002007813,0,0,0,0,0.148891091,0.176119942,0.198468681,0.176143858,14.90780642,,,,,,,,,,,,,,,,,,0.894568632,,
-8,4,-7.97222275,17.0375,6.3,7.975,7.25,59.75,10.7625,0.979839603,0.278467391,0.029097222,3,3.004565102,0.390900498,0.02096159,3.004728367,0.259006242,0.19,0.008357541,3.029097222,0.892238925,2.367006025,3.520457855,4.03345184,6.251193254,68.66273542,3.902216763,0,0,0,0,0.13713537,0.175305771,0.213750136,0.175306392,13.75078899,,,,,,,,,,,,,,,,,,0.892238925,,Figure 4
-7,9,-6.858025333,21.67555556,6.377777778,7.822222222,10.88888889,81.77777778,14.55,1.045299445,2.661267347,0.278040123,2.666666667,4.105331411,0.577802367,0.2003115,4.125926151,0.292417804,0.19,0.079860945,3.278040123,0.885774416,2.528203641,3.866288771,4.369778603,6.551748042,91.19677094,4.32521755,0,0,0,0,0.141962471,0.189280753,0.223563088,0.189313731,17.16520423,,,,,,,,,,,,,,,,,,0.885774416,,
-6,34,-5.908497265,18.68352941,6.514705882,8.005882353,6.794117647,68.02941176,12.13705882,1.023364149,0.865257454,0.090714869,3,3.422763297,0.362234402,0.065257485,3.42584101,0.275820345,0.19,0.026055862,3.090714869,0.91023614,2.421213413,3.669908999,4.16928983,6.236172039,73.96075673,3.997560625,0,0,0,0,0.138978762,0.182118243,0.218695514,0.182123087,14.2157181,,,,,,,,,,,,,,,,,,0.91023614,,
-5,68,-4.981209529,19.18823529,6.848529412,8.169117647,7.117647059,62.79411765,12.88264706,1.017727998,0.789827163,0.081301062,2.955882353,3.160007056,0.381119514,0.058965541,3.167306962,0.277084503,0.19,0.023351952,3.081301062,0.899328334,2.164853591,3.313905802,3.73535283,5.488126124,69.47002739,3.649357084,0,0,0,0,0.123525892,0.164037248,0.195756629,0.164041361,13.42314063,,,,,,,,,,,,,,,,,,0.899328334,,
-4,94,-4.056796202,18.7303675,6.880174081,8.180319149,9.121856867,56.50096712,13.40538685,1.012372201,1.715538831,0.174301929,3,2.849378276,0.484575287,0.127160383,2.86023599,0.270291819,0.19,0.050064417,3.174301929,0.864536997,2.024774787,3.131289305,3.543025214,5.0232316,66.51542063,3.571574452,0,0,0,0,0.113396656,0.15214176,0.183595468,0.152163188,12.90427129,,,,,,,,,,,,,,,,,,0.864536997,,
-3,165,-3.03599917,18.701427,7.099476584,8.418787879,10.86088154,58.33581267,13.89487052,1.018693491,2.464964387,0.262564356,2.963636364,2.93919092,0.58448224,0.18766112,2.956993066,0.270050064,0.19,0.075415869,3.262564356,0.848442225,2.099904622,3.27240431,3.729384832,5.157418234,70.34663441,3.797535586,0,0,0,0,0.116612478,0.157736027,0.191662536,0.157783115,13.559589,,,,,,,,,,,,,,,,,,0.848442225,,
-2,260,-2.0350429,17.66069231,7.178076923,8.451538462,9.569230769,55.73846154,13.10046154,1.014012402,1.907208612,0.197637286,3,2.809375285,0.509105169,0.142945339,2.821514159,0.263113844,0.19,0.056766989,3.197637286,0.857632301,2.105590993,3.283442212,3.759654338,5.130727702,66.28607381,3.770476658,0,0,0,0,0.117889474,0.159242239,0.195036513,0.159271704,12.83724262,,,,,,,,,,,,,,,,,,0.857632301,,
-1,375,-0.994074259,17.13125333,7.3956,8.567733333,10.22533333,53.14266667,13.556,1.016700145,1.962141169,0.204689259,2.984,2.67770517,0.544452774,0.147608145,2.69013107,0.258386045,0.19,0.058792514,3.204689259,0.843482149,2.040696033,3.240540036,3.727293965,4.819278634,64.25703932,3.77556789,0,0,0,0,0.113661137,0.156620975,0.193310897,0.156655071,12.41145532,,,,,,,,,,,,,,,,,,0.843482149,,
0,436,0.015609206,15.90408257,7.577637615,8.666284404,8.95412844,48.75458716,13.05045872,1.012389033,1.58980629,0.165774083,2.979357798,2.457061277,0.477505354,0.119570754,2.468897267,0.250311234,0.19,0.04761498,3.165774083,0.848999129,1.982274772,3.190813751,3.702385502,4.54378832,58.57286075,3.691293033,0,0,0,0,0.110912222,0.154792155,0.193967309,0.154818213,11.36188138,,,,,,,,,,,,,,,,,,0.848999129,,
1,465,0.946953531,15.45335484,7.725806452,8.780645161,10.10038199,46.44086022,13.65101075,1.015014913,2.007975554,0.213755078,2.987096774,2.34245148,0.542445615,0.15279216,2.359311027,0.245580308,0.19,0.061396472,3.213755078,0.827489036,1.930871557,3.170001615,3.704177213,4.289002391,57.68311087,3.749616419,0,0,0,0,0.106908865,0.152482023,0.19338275,0.152528577,11.15730035,,,,,,,,,,,,,,,,,,0.827489036,,
2,419,1.974410103,14.53272076,7.863245823,8.874224344,10.43783234,42.39618138,14.01513126,1.015415667,2.614608054,0.274166667,2.992840095,2.139856659,0.56477726,0.197262111,2.166048555,0.239210396,0.19,0.07874838,3.274166667,0.811756686,1.863317121,3.143701491,3.725187702,3.956339811,54.60682119,3.77637724,0,0,0,0,0.101742658,0.149305015,0.193953719,0.149393047,10.55072161,,,,,,,,,,,,,,,,,,0.811756686,,
3,438,2.940385831,13.44390411,8.114611872,8.97716895,9.812398011,38.04794521,13.7786758,1.011132995,2.253334693,0.236365107,2.993150685,1.922422113,0.524903096,0.170036863,1.945858293,0.230946298,0.19,0.067890708,3.236365107,0.804197209,1.774979388,3.053281158,3.65687469,3.637046015,49.56190547,3.690284108,0,0,0,0,0.09697083,0.145169128,0.192575593,0.145247208,9.615966377,,,,,,,,,,,,,,,,,,0.804197209,,
4,386,3.949554158,12.25024611,8.421891192,9.215803109,10.06663199,34.48445596,13.62584197,1.010227563,2.146087745,0.229234852,2.984455959,1.742132434,0.538176389,0.16365593,1.766610497,0.222293828,0.19,0.065842698,3.229234852,0.784427391,1.736985216,3.054907792,3.73268331,3.427103866,46.22441261,3.763882628,0,0,0,0,0.094765376,0.145110813,0.199000035,0.145198597,8.975383311,,,,,,,,,,,,,,,,,,0.784427391,,
5,477,4.960168099,10.93235849,8.73490566,9.403878407,9.322265744,29.46960168,13.12620545,1.013191247,1.831674842,0.190565455,2.974842767,1.491454578,0.50130789,0.137594708,1.51780533,0.211443184,0.19,0.05473576,3.190565455,0.770520609,1.637654581,2.942590074,3.672790632,3.094842787,40.09464391,3.665712458,0,0,0,0,0.089468814,0.140047492,0.200155193,0.140125435,7.766413142,,,,,,,,,,,,,,,,,,0.770520609,,
6,467,5.991791985,9.603875803,9.050107066,9.683083512,9.709837708,25.33190578,13.01670236,1.012909683,2.016712128,0.216204199,2.935760171,1.281721995,0.522369526,0.154115075,1.317553456,0.200333624,0.19,0.062099928,3.216204199,0.737985905,1.5877435,2.946520767,3.832923626,2.846992626,36.58614013,3.787438301,0,0,0,0,0.086042029,0.139473101,0.21390379,0.139602063,7.085987341,,,,,,,,,,,,,,,,,,0.737985905,,
7,421,6.991950998,8.562660333,9.448693587,9.907125891,10.92663861,19.25890736,13.74504751,1.012988922,2.541414386,0.275144992,2.864608076,0.978055655,0.585769858,0.19533285,1.04563034,0.184978949,0.19,0.079029382,3.275144992,0.6661273,1.407563708,2.699890345,3.656364211,2.381000164,32.30732305,3.745616874,0,0,0,0,0.07448542,0.12544361,0.209284082,0.125735012,6.255772807,,,,,,,,,,,,,,,,,,0.6661273,,
8,335,7.925208024,7.161791045,9.860597015,10.1480597,10.71180572,14.2761194,13.46770149,1.01295388,2.531332735,0.276901327,2.641791045,0.723083689,0.58187897,0.195720941,0.809117363,0.170494603,0.19,0.079533851,3.276901327,0.610752376,1.281982209,2.535345866,3.732042122,2.043352229,27.16733545,3.723412842,0,0,0,0,0.067536758,0.117903785,0.229242867,0.11834609,5.262508804,,,,,,,,,,,,,,,,,,0.610752376,,
9,253,8.941262217,6.081996047,10.21541502,10.39604743,11.30518397,8.162055336,13.44013834,1.013910467,2.48332531,0.276251098,2.205533597,0.414352737,0.612230988,0.193887805,0.511166016,0.150925498,0.19,0.079347087,3.276251098,0.484970698,1.041832787,1.996917954,3.228356002,1.633209723,21.64941121,3.443161105,0,0,0,0,0.053690853,0.090268693,0.21550726,0.091072117,4.19113193,,,,,,,,,,,,,,,,,,0.484970698,,
10,229,9.942261847,5.210458515,10.44912664,10.52358079,12.08151994,5.676855895,13.39753275,1.013848856,2.462905544,0.270642285,1.820960699,0.288700472,0.6542074,0.190924885,0.41938322,0.140766588,0.19,0.077736078,3.270642285,0.402534403,0.964911159,1.820991617,3.466788968,1.509328752,19.94506506,3.58479796,0,0,0,0,0.053065901,0.087480991,0.276045202,0.088568316,3.881163612,,,,,,,,,,,,,,,,,,0.402534403,,
11,209,11.05980948,4.315789474,10.74354067,10.78564593,10.49772828,2.574162679,12.19258373,1.014708278,1.539763827,0.173191122,1.205741627,0.131410419,0.57102249,0.121005733,0.220965374,0.125663604,0.19,0.049745362,3.173191122,0.281551034,0.708881891,1.193715348,2.880314936,1.198405121,14.39985768,2.999830087,0,0,0,0,0.040672653,0.058040523,0.2989421,0.059038752,2.810451838,,,,,,,,,,,,,,,,,,0.281551034,,
12,203,11.96798114,3.93453202,10.87635468,10.90788177,11.47783251,0.773399015,11.90871921,1.011605047,1.478119013,0.164836481,0.458128079,0.040334022,0.625954719,0.115589787,0.1417787,0.116419022,0.19,0.047345674,3.164836481,0.163993047,0.488236562,0.701020098,2.406517659,1.152882211,13.57184859,2.901722072,0,0,0,0,0.034416332,0.039895865,0.339405682,0.041533145,2.703624127,,,,,,,,,,,,,,,,,,0.163993047,,
13,277,12.98656477,3.530036101,11.06064982,11.03646209,10.20397112,0.194945848,10.98631769,1.012773361,0.99133399,0.111556859,0.173285199,0.009967536,0.556049047,0.077930393,0.084469803,0.111312951,0.19,0.032042268,3.111556859,0.104148701,0.314729186,0.404652943,2.264073119,1.036766939,11.24659415,2.570016003,0,0,0,0,0.02619,0.026331602,0.51096481,0.027767503,2.277121715,,,,,,,,,,,,,,,,,,0.104148701,,
14,383,13.95786268,3.576214099,11.17336815,11.15561358,11.5926893,0.060052219,11.39412533,1.007168017,1.229982929,0.144802364,0.046997389,0.003035214,0.63249689,0.099367472,0.100479167,0.111949204,0.19,0.041591313,3.144802364,0.100136827,0.314135379,0.402993531,2.423664697,1.130646195,12.79103806,2.852593099,0,0,0,0,0.029454812,0.029953934,0.549177649,0.032018383,2.642954036,,,,,,,,,,,,,,,,,,0.100136827,,
15,392,15.02281876,3.340204082,11.22806122,11.17729592,11.82397959,0,10.98104592,1.010704946,1.119948491,0.131976687,0,0,0.646896534,0.09052621,0.09052621,0.109896575,0.19,0.037907417,3.131976687,0.086523077,0.291802423,0.365242642,3.78774689,1.17875184,12.80683165,3.005327091,0,0,0,0,0.029325823,0.028890288,1.446423034,0.030934716,2.656255142,,,,,,,,,,,,,,,,,,0.086523077,,
16,373,15.96961703,3.317828418,11.29678284,11.23887399,12.86595174,0.002680965,11.33828418,1.010668011,1.088596334,0.128402219,0.008042895,0.000135897,0.699530037,0.088052083,0.08818798,0.109725427,0.19,0.03688073,3.128402219,0.078187246,0.292013278,0.361429706,4.065141626,1.230982468,13.80990482,3.256020742,0,0,0,0,0.029362796,0.028466014,1.699314886,0.030466303,2.864169546,,,,,,,,,,,,,,,,,,0.078187246,,
17,323,16.9908855,3.350897833,11.36965944,11.31331269,14.13931889,0,11.49130031,1.013887853,1.157207974,0.136567767,0,0,0.76941335,0.09363362,0.09363362,0.110434162,0.19,0.039226105,3.136567767,0.075651681,0.306564929,0.377458188,3.976217184,1.331139771,15.08700082,3.535819566,0,0,0,0,0.031020698,0.029902289,1.5485991,0.032017439,3.1217262,,,,,,,,,,,,,,,,,,0.075651681,,
18,279,17.95838462,3.408494624,11.51505376,11.46200717,21.11469534,0,12.61523297,1.012186542,1.415993853,0.168951613,0,0,1.150869887,0.115329856,0.115329856,0.111110441,0.19,0.048527656,3.168951613,0.062847339,0.377248646,0.45647933,4.670838535,1.785990733,22.25942379,5.134874006,0,0,0,0,0.038444435,0.036286287,1.760970725,0.038884896,4.618186276,,,,,,,,,,,,,,,,,,0.062847339,,
19,243,18.94833465,3.488271605,11.71769547,11.6654321,30.33744856,0,13.42510288,1.010677734,1.644712386,0.195418381,0,0,1.651867461,0.133600687,0.133600687,0.111632842,0.19,0.056129657,3.195418381,0.051425931,0.440362786,0.519774736,4.769656511,2.382265613,31.64427183,7.152243091,0,0,0,0,0.0449368,0.041143138,1.600268813,0.044092293,6.569849185,,,,,,,,,,,,,,,,,,0.051425931,,
20,219,19.94571439,3.593424658,11.92739726,11.87488584,40.75799087,0,14.4060274,1.009788461,1.891552833,0.226134576,0,0,2.222247285,0.154231984,0.154231984,0.113342376,0.19,0.064952212,3.226134576,0.044351068,0.500357657,0.582068515,4.590308937,2.960534679,42.23611713,9.314293555,0,0,0,0,0.051212298,0.046107745,1.326284382,0.049443365,8.781754884,,,,,,,,,,,,,,,,,,0.044351068,,
21,203,20.95867711,3.641083744,12.10147783,12.06305419,47.71921182,0,14.671133,1.015158718,1.972796466,0.234211138,0,0,2.603694758,0.160165466,0.160165466,0.113161385,0.19,0.067272028,3.234211138,0.039700478,0.522549889,0.599504531,4.411688814,3.387060036,48.94998923,10.7224269,0,0,0,0,0.053352315,0.047248682,1.182075032,0.050659263,10.124967,,,,,,,,,,,,,,,,,,0.039700478,,
22,97,21.95990921,3.625773196,12.19381443,12.20618557,58.74226804,0,15.3257732,1.01436882,2.215807521,0.263374857,0,0,3.202776913,0.180038705,0.180038705,0.114009404,0.19,0.075648668,3.263374857,0.036349696,0.592700244,0.67688303,5.549642218,3.977487777,60.09458724,13.19387428,0,0,0,0,0.060855536,0.053480703,1.658433754,0.057330426,12.44000947,,,,,,,,,,,,,,,,,,0.036349696,,
23,90,22.95802652,3.800555556,12.49555556,12.46777778,68.63333333,0,16.55244444,1.002741032,2.757674334,0.320716049,0,0,3.742135341,0.221095768,0.221095768,0.116350962,0.19,0.092118672,3.320716049,0.038627755,0.693340643,0.801812583,5.317811735,4.313019017,71.19585751,14.92968889,0,0,0,0,0.069795409,0.062504339,1.279424199,0.066951393,14.83998247,,,,,,,,,,,,,,,,,,0.038627755,,
24,44,23.88889059,3.708863636,12.41590909,12.40227273,69.27272727,0,15.88954545,1.00654943,2.22637897,0.255261995,0,0,3.81,0.176958055,0.176958055,0.113958182,0.19,0.073318426,3.255261995,0.031138557,0.590355094,0.663503795,4.591000893,4.499757809,71.03387485,15.21698465,0,0,0,0,0.059719506,0.051450408,1.148882537,0.055058272,14.73566747,,,,,,,,,,,,,,,,,,0.031138557,,
25,22,24.78030495,3.781363636,12.72272727,12.67727273,81.90909091,0,18.24636364,1.021999053,2.973553396,0.338585859,0,0,4.505,0.235399042,0.235399042,0.116845208,0.19,0.097251384,3.338585859,0.035031347,0.749258125,0.867695973,6.213286708,4.652030728,83.05550191,17.74199361,0,0,0,0,0.075038985,0.067145166,1.607618704,0.071816226,17.00087595,,,,,,,,,,,,,,,,,,0.035031347,,
26,13,25.88889077,3.428461538,12.33076923,12.29230769,57.07692308,0,15.12307692,0.939429939,2.227052639,0.250683761,0,0,3.139230769,0.175011859,0.175011859,0.115908247,0.19,0.072003428,3.250683761,0.037553176,0.619995024,0.715335538,10.45288057,3.921422606,63.12761948,13.63464724,0,0,0,0,0.063619668,0.05591034,5.755593569,0.05964979,13.84871303,,,,,,,,,,,,,,,,,,0.037553176,,
27,9,26.99382944,3.358888889,12.52222222,12.47777778,68.44444444,0,14.59111111,1.00846639,0.78102031,0.090524691,0,0,3.764444444,0.062475732,0.062475732,0.107537333,0.19,0.026001238,3.090524691,0.011282269,0.247351382,0.258598231,2.791930949,4.744358687,68.64429538,15.87138784,0,0,0,0,0.026076101,0.020290782,1.100186853,0.021707956,14.23496519,,,,,,,,,,,,,,,,,,0.011282269,,
28,7,27.95238329,3.165714286,11.82857143,11.75714286,40.71428571,0,11.10571429,1.001923124,0.408574212,0.049880952,0,0,2.239285714,0.033747355,0.033747355,0.105682449,0.19,0.014327213,3.049880952,0.009935452,0.139941247,0.144364916,3.248120335,3.702855923,41.04392735,9.879156181,0,0,0,0,0.015309461,0.011662382,2.744474211,0.012504611,8.610777875,,,,,,,,,,,,,,,,,,0.009935452,,
29,1,28.555558,2.88,11.5,11.4,28,0,10.31,1.03136782,0,0,0,0,1.54,0,0,0.103104025,0.19,0,3,0,0,0,0,2.715809893,27.14841346,7.158621048,0,0,0,0,0,0,0,0,5.563078368,,,,,,,,,,,,,,,,,,0,,
,,,,,,,,,,,,,,,,,,,,,,,,,,,,,,,,,,,,,,,,,,,,,,,,,,,,,,,,
,,,,,,,,,,,,,,,,,,,,,,,,,,,,,,,,,,,,,,,,,,,,,,,,,,,,,,,,
,,,,,,,,,,,,,,,,,,,,,,,,,,,,,,,,,15,16,17,18,19,20,,,,,,,,,,,,,,,,,,
,,,,,,,,,,,,,,,,,,,,,,,,,,,,,,,,,,,,,,,,,,,,,,,,,,,,,,,,
,,,,,,,,,,,,,,,,,,,,,,,,,,,,,,,,,,,,,,,,,,,,,,,,,,,,,,,,
,,,,,,,,,,,,,,,,,,,,,,,,,,,,,,,,,,,,,,,,,,,,,,,,,,,,,,,,
ODA Temperature (°C),Clg Provided (kW),Bldg Clg Uncertainty (kW),Hour Count,ODA Temperature (°C),Clg Provided (kWh),Bldg Clg Uncertainty (kWh),,,,,,,,,,,,,,,,ODA Temperature (°C),Count,Bldg Htg  & DHW provided by HP (kW),Bldg + DHW Htg by HP Uncertainty (kW),Bldg Htg  & DHW provided by HP (kWh),Bldg + DHW Htg by HP Uncertainty (kWh),,,,,,,,,,,,,,,,,,,,,,,,,,,,,
-15,3,0.158113883,1,-15,3,0.158113883,,,,,,,,,,,,,,,,-15,1,77,3.865876356,77,3.865876356,,,,,,,,,,,,,,,,,,,,,,,,,,,,,
-14,4.333333333,0.230518101,6,-14,26,1.383108606,,,,,,,,,,,,,,,,-14,6,67.75962546,3.402347876,406.5577528,20.41408726,,,,,,,,,,,,,,,,,,,,,,,,,,,,,
-13,4.6,0.245638359,5,-13,23,1.228191795,,,,,,,,,,,,,,,,-13,5,70.51155055,3.54532548,352.5577528,17.7266274,,,,,,,,,,,,,,,,,,,,,,,,,,,,,
-12,10,0.613990147,3,-12,30,1.84197044,,,,,,,,,,,,,,,,-12,3,121.4488388,6.035738608,364.3465165,18.10721582,,,,,,,,,,,,,,,,,,,,,,,,,,,,,
-11,11.2,0.602440703,5,-11,56,3.012203513,,,,,,,,,,,,,,,,-11,5,115.8541121,5.692395123,579.2705607,28.46197561,,,,,,,,,,,,,,,,,,,,,,,,,,,,,
-10,7.583333333,0.40027876,12,-10,91,4.803345125,,,,,,,,,,,,,,,,-10,12,85.98569278,4.266741078,1031.828313,51.20089294,,,,,,,,,,,,,,,,,,,,,,,,,,,,,
-9,12.66666667,0.663123022,6,-9,76,3.978738134,,,,,,,,,,,,,,,,-9,6,107.4746814,5.24915163,644.8480882,31.49490978,,,,,,,,,,,,,,,,,,,,,,,,,,,,,
-8,7.25,0.390900498,4,-8,29,1.563601992,,,,,,,,,,,,,,,,-8,4,60.02846739,3.004728367,240.1138696,12.01891347,,,,,,,,,,,,,,,,,,,,,,,,,,,,,
-7,10.88888889,0.577802367,9,-7,98,5.200221301,,,,,,,,,,,,,,,,-7,9,84.43904512,4.125926151,759.9514061,37.13333536,,,,,,,,,,,,,,,,,,,,,,,,,,,,,
-6,6.794117647,0.362234402,34,-6,231,12.31596966,,,,,,,,,,,,,,,,-6,34,68.89466922,3.42584101,2342.418753,116.4785944,,,,,,,,,,,,,,,,,,,,,,,,,,,,,
-5,7.117647059,0.381119514,68,-5,484,25.91612693,,,,,,,,,,,,,,,,-5,68,63.58394481,3.167306962,4323.708247,215.3768734,,,,,,,,,,,,,,,,,,,,,,,,,,,,,
-4,9.121856867,0.484575287,94,-4,857.4545455,45.55007701,,,,,,,,,,,,,,,,-4,94,58.21650595,2.86023599,5472.351559,268.8621831,,,,,,,,,,,,,,,,,,,,,,,,,,,,,
-3,10.86088154,0.58448224,165,-3,1792.045455,96.43956966,,,,,,,,,,,,,,,,-3,165,60.80077706,2.956993066,10032.12821,487.9038559,,,,,,,,,,,,,,,,,,,,,,,,,,,,,
-2,9.569230769,0.509105169,260,-2,2488,132.3673439,,,,,,,,,,,,,,,,-2,260,57.64567015,2.821514159,14987.87424,733.5936814,,,,,,,,,,,,,,,,,,,,,,,,,,,,,
-1,10.22533333,0.544452774,375,-1,3834.5,204.1697901,,,,,,,,,,,,,,,,-1,375,55.10480784,2.69013107,20664.30294,1008.799151,,,,,,,,,,,,,,,,,,,,,,,,,,,,,
0,8.95412844,0.477505354,436,0,3904,208.1923343,,,,,,,,,,,,,,,,0,436,50.34439345,2.468897267,21950.15554,1076.439208,,,,,,,,,,,,,,,,,,,,,,,,,,,,,
1,10.10038199,0.542445615,465,1,4696.677625,252.2372108,,,,,,,,,,,,,,,,1,465,48.44883577,2.359311027,22528.70863,1097.079628,,,,,,,,,,,,,,,,,,,,,,,,,,,,,
2,10.43783234,0.56477726,419,2,4373.45175,236.6416718,,,,,,,,,,,,,,,,2,419,45.01078944,2.166048555,18859.52077,907.5743446,,,,,,,,,,,,,,,,,,,,,,,,,,,,,
3,9.812398011,0.524903096,438,3,4297.830329,229.9075559,,,,,,,,,,,,,,,,3,438,40.3012799,1.945858293,17651.9606,852.2859322,,,,,,,,,,,,,,,,,,,,,,,,,,,,,
4,10.06663199,0.538176389,386,4,3885.719949,207.7360863,,,,,,,,,,,,,,,,4,386,36.6305437,1.766610497,14139.38987,681.9116517,,,,,,,,,,,,,,,,,,,,,,,,,,,,,
5,9.322265744,0.50130789,477,5,4446.72076,239.1238635,,,,,,,,,,,,,,,,5,477,31.30127652,1.51780533,14930.7089,723.9931422,,,,,,,,,,,,,,,,,,,,,,,,,,,,,
6,9.709837708,0.522369526,467,6,4534.49421,243.9465688,,,,,,,,,,,,,,,,6,467,27.34861791,1.317553456,12771.80456,615.2974639,,,,,,,,,,,,,,,,,,,,,,,,,,,,,
7,10.92663861,0.585769858,421,7,4600.114856,246.6091104,,,,,,,,,,,,,,,,7,421,21.80032175,1.04563034,9177.935456,440.2103732,,,,,,,,,,,,,,,,,,,,,,,,,,,,,
8,10.71180572,0.58187897,335,8,3588.454918,194.9294548,,,,,,,,,,,,,,,,8,335,16.80745214,0.809117363,5630.496466,271.0543167,,,,,,,,,,,,,,,,,,,,,,,,,,,,,
9,11.30518397,0.612230988,253,9,2860.211545,154.8944401,,,,,,,,,,,,,,,,9,253,10.64538065,0.511166016,2693.281303,129.3250021,,,,,,,,,,,,,,,,,,,,,,,,,,,,,
10,12.08151994,0.6542074,229,10,2766.668067,149.8134946,,,,,,,,,,,,,,,,10,229,8.139761439,0.41938322,1864.00537,96.03875735,,,,,,,,,,,,,,,,,,,,,,,,,,,,,
11,10.49772828,0.57102249,209,11,2194.02521,119.3437005,,,,,,,,,,,,,,,,11,209,4.113926507,0.220965374,859.8106399,46.1817632,,,,,,,,,,,,,,,,,,,,,,,,,,,,,
12,11.47783251,0.625954719,203,12,2330,127.068808,,,,,,,,,,,,,,,,12,203,2.251518027,0.1417787,457.0581596,28.78107609,,,,,,,,,,,,,,,,,,,,,,,,,,,,,
13,10.20397112,0.556049047,277,13,2826.5,154.025586,,,,,,,,,,,,,,,,13,277,1.186279838,0.084469803,328.5995152,23.39813553,,,,,,,,,,,,,,,,,,,,,,,,,,,,,
14,11.5926893,0.63249689,383,14,4440,242.2463087,,,,,,,,,,,,,,,,14,383,1.290035148,0.100479167,494.0834618,38.48352101,,,,,,,,,,,,,,,,,,,,,,,,,,,,,
15,11.82397959,0.646896534,392,15,4635,253.5834412,,,,,,,,,,,,,,,,15,392,1.119948491,0.09052621,439.0198083,35.48627448,,,,,,,,,,,,,,,,,,,,,,,,,,,,,
16,12.86595174,0.699530037,373,16,4799,260.9247038,,,,,,,,,,,,,,,,16,373,1.091277299,0.08818798,407.0464325,32.89411651,,,,,,,,,,,,,,,,,,,,,,,,,,,,,
17,14.13931889,0.76941335,323,17,4567,248.5205121,,,,,,,,,,,,,,,,17,323,1.157207974,0.09363362,373.7781757,30.24365931,,,,,,,,,,,,,,,,,,,,,,,,,,,,,
18,21.11469534,1.150869887,279,18,5891,321.0926985,,,,,,,,,,,,,,,,18,279,1.415993853,0.115329856,395.0622851,32.17702988,,,,,,,,,,,,,,,,,,,,,,,,,,,,,
19,30.33744856,1.651867461,243,19,7372,401.403793,,,,,,,,,,,,,,,,19,243,1.644712386,0.133600687,399.6651099,32.46496685,,,,,,,,,,,,,,,,,,,,,,,,,,,,,
20,40.75799087,2.222247285,219,20,8926,486.6721554,,,,,,,,,,,,,,,,20,219,1.891552833,0.154231984,414.2500704,33.7768045,,,,,,,,,,,,,,,,,,,,,,,,,,,,,
21,47.71921182,2.603694758,203,21,9687,528.5500358,,,,,,,,,,,,,,,,21,203,1.972796466,0.160165466,400.4776826,32.51358966,,,,,,,,,,,,,,,,,,,,,,,,,,,,,
22,58.74226804,3.202776913,97,22,5698,310.6693606,,,,,,,,,,,,,,,,22,97,2.215807521,0.180038705,214.9333295,17.46375442,,,,,,,,,,,,,,,,,,,,,,,,,,,,,
23,68.63333333,3.742135341,90,23,6177,336.7921807,,,,,,,,,,,,,,,,23,90,2.757674334,0.221095768,248.19069,19.89861908,,,,,,,,,,,,,,,,,,,,,,,,,,,,,
24,69.27272727,3.81,44,24,3048,167.64,,,,,,,,,,,,,,,,24,44,2.22637897,0.176958055,97.96067467,7.786154404,,,,,,,,,,,,,,,,,,,,,,,,,,,,,
25,81.90909091,4.505,22,25,1802,99.11,,,,,,,,,,,,,,,,25,22,2.973553396,0.235399042,65.41817471,5.178778921,,,,,,,,,,,,,,,,,,,,,,,,,,,,,
26,57.07692308,3.139230769,13,26,742,40.81,,,,,,,,,,,,,,,,26,13,2.227052639,0.175011859,28.95168431,2.275154164,,,,,,,,,,,,,,,,,,,,,,,,,,,,,
27,68.44444444,3.764444444,9,27,616,33.88,,,,,,,,,,,,,,,,27,9,0.78102031,0.062475732,7.029182791,0.562281586,,,,,,,,,,,,,,,,,,,,,,,,,,,,,
28,40.71428571,2.239285714,7,28,285,15.675,,,,,,,,,,,,,,,,28,7,0.408574212,0.033747355,2.860019485,0.236231483,,,,,,,,,,,,,,,,,,,,,,,,,,,,,
29,28,1.54,1,29,28,1.54,,,,,,,,,,,,,,,,29,1,0,0,0,0,,,,,,,,,,,,,,,,,,,,,,,,,,,,,
,,,,,,,,,,,,,,,,,,,,,,,,,,,,,,,,,,,,,,,,,,,,,,,,,,,,,,,,
,,,,,,,,,,,,,,,,,,,,,,,,,,,,,,,,,,,,,,,,,,,,,,,,,,,,,,,,
,,,,,,,,,,,,,,,,,,,,,,,,,,,,,,,,,,,,,,,,,,,,,,,,,,,,,,,,
,,,,,,,,,,,,,,,,,,,,,,,,,,,,,,,,,,,,,,,,,,,,,,,,,,,,,,,,
,,,,,,,,,,,,,,,,,,,,,,,,,,,,,,,,,,,,,,,,,,,,,,,,,,,,,,,,
,,,,,,,,,,,,,,,,,,,,,,,,,,,,,,,,,,,,,,,,,,,,,,,,,,,,,,,,
,,,,,,,,,,,,,,,,,,,,,,,,,,,,,,,,,,,,,,,,,,,,,,,,,,,,,,,,
,,,,,,,,,,,,,,,,,,,,,,,,,,,,,,,,,,,,,,,,,,,,,,,,,,,,,,,,
,,,,,,,,,,,,,,,,,,,,,,,,,,,,,,,,,,,,,,,,,,,,,,,,,,,,,,,,
,,,,,,,,,,,,,,,,,,,,,,,,,,,,,,,,,,,,,,,,,,,,,,,,,,,,,,,,
,,,,,,,,,,,,,,,,,,,,,,,,,,,,,,,,,,,,,,,,,,,,,,,,,,,,,,,,