,,1,2,3,4,5,6,7,8,9,10,11,12,13,14,15,16,17,18,19,20,21,22,23,24,25,26,27,28,29,30,31,32,33,34,35,36,37,,,,,,,,,,,,
 Month,Count,ODA Temperature (¡C),EL 007 (kW),GHE EFT (¡C),GHE ExFT (¡C),Clg Provided (kW),Bldg Htg Provided (kW),EL 003 (kW),CP Energy (kW),DHW Provided by HP (kW),DHW by LPS (kW),Useful Bldg Htg by LPS (kW),Bldg Htg Uncertainty (kW),Bldg Clg Uncertainty (kW),DHW Htg by HP Uncertainty (kW),Bldg + DHW Htg by HP Uncertainty (kW),EL007+EL011 Uncertainty (kW),EL011 Uncertainty (kW),LPS DHW Uncertainty (kW),LPS Elec. Usage (kW),HtgFrac,COP H4,COP H3,COP H2,COP C3,COP C2,Overall (H+C) COP,COP H1*,Not used,Not used,Not used,Not used,Error COP H3,Error COP H2,Error COP H3b,Error COP C2,Error COP H1*,,,,Cooling provided (kWh),Clg. Elec. Calculated from COP C2 (kWh),Htg to bldg + DHW (kWh), Htg. Elec.  Calculated from COP H2 (kWh) ,EL007 (kWh),EL003 (kWh),CP energy for htg (kWh),HP +int CP energy (kWh),HP + source CPs energy (kWh),CP energy for clg (kWh)
1,744,-0.332138655,16.76150538,7.204973118,8.4,9.626344086,52.7311828,13.8377957,1.021663465,2.260947645,0.232308468,2.97983871,2.658,0.514,0.168614697,2.677955318,0.257324046,0.19,0.066725527,3.232308468,0.851027989,2.039546206,3.301252228,3.819253055,4.669708668,63.24829725,3.81431579,4.064700278,0,0,0,0.113250328,0.159348168,0.198169658,0.159393103,12.15917394,0,,,,7162,113.23625,40914.14505,10712.60387,12470.56,10295.32,646.881368,10065.7225,10712.60387,113.23625
2,672,0.027445799,15.76072917,7.466145833,8.528497024,11.11532738,47.56622024,14.10199405,1.015740312,2.721953369,0.273306052,2.986607143,2.398,0.591,0.200460965,2.426634368,0.247472377,0.19,0.078501187,3.273306052,0.818978931,1.960752658,3.227227184,3.775588801,4.354242441,60.45196816,3.854411339,4.027105764,0,0,0,0.107597867,0.153965095,0.195317191,0.154037768,11.67846444,0,,,,7469.5,123.5609067,33793.65266,8950.564916,10591.21,9476.54,559.0165828,8391.548333,8950.564916,123.5609067
3,744,3.135342255,12.25231183,8.241330645,9.028763441,11.56653226,33.89516129,13.7138172,1.010647223,2.817118632,0.282993952,2.858870968,1.712,0.622,0.207522048,1.770610929,0.217170086,0.19,0.081283824,3.282993952,0.760422187,1.757190732,3.060799014,3.770065365,3.520450321,47.77019229,3.877013938,4.093096089,0,0,0,0.095809943,0.145249681,0.200500185,0.145383768,9.272137979,0,,,,8605.5,180.143717,27313.93626,7244.950317,9115.72,10203.08,571.7778169,6673.1725,7244.950317,180.143717
4,720,5.755324542,9.686111111,8.970694444,9.506944444,10.67134614,23.59513889,13.38961111,1.012410253,2.314023156,0.238516397,2.9125,1.199,0.587,0.172874769,1.263854937,0.197480974,0.19,0.068508619,3.238516397,0.708277805,1.515945248,2.793394109,3.616243237,2.732006768,36.1320997,3.713739799,4.018422868,0,0,0,0.082395596,0.132555547,0.202839734,0.132719026,7.006916023,0,,,,7683.369218,212.6466295,18654.59667,5158.556947,6974,9640.52,516.2887524,4642.268194,5158.556947,212.6466295
5,744,12.60920885,4.493427419,10.68548387,10.75625,17.91666667,3.26344086,13.30165323,1.010323226,1.890181505,0.204619176,0.762096774,0.165,0.985,0.145172878,0.302031992,0.128721125,0.19,0.058772384,3.204619176,0.223387854,0.819887079,1.296923273,3.402849087,1.734392608,22.83456267,4.367386266,3.998750311,0,0,0,0.055556343,0.073127637,0.353444349,0.074180562,4.505458675,0,,,,13330,583.7641907,3834.29504,1126.789623,3343.11,9896.43,167.9162896,958.8733333,1126.789623,583.7641907
6,720,15.98487783,3.5995,11.33555556,11.30083333,23.16388889,0.781944444,11.06066667,1.011263992,1.039425904,0.118571181,0.220833333,0.039,1.274,0.082332461,0.120671444,0.113012559,0.19,0.034056979,3.118571181,0.072897797,0.490438906,0.588251044,3.283832656,2.258928868,24.70696024,5.492509223,3.787193188,0,0,0,0.041021661,0.037507188,0.706256427,0.038636169,4.943824278,0,,,,16678,675.0324539,1311.386651,399.3463702,2591.64,7963.68,53.07762017,346.26875,399.3463702,675.0324539
7,744,18.38829287,3.241854839,11.59758065,11.54744624,24.60215054,0,10.67946237,1.011635639,0.518616977,0.062418235,0,0.000,1.353,0.042453842,0.042453842,0.10713312,0.19,0.017928273,3.062418235,0.02064495,0.167816155,0.178081983,2.588919692,2.352250203,24.83183326,5.920592953,2.890251852,0,0,0,0.018011604,0.014265222,1.40354941,0.015286921,5.159431268,0,,,,18304,737.1183517,385.8510307,149.0393974,2411.94,7945.52,15.53856402,133.5008333,149.0393974,737.1183517
8,744,16.57739814,3.446841398,11.55443548,11.50564516,20.38037634,0.143817204,11.91630376,1.01199526,1.077644583,0.134144452,0.056451613,0.007,1.121,0.090121058,0.097005697,0.110652829,0.19,0.03853006,3.134144452,0.056544345,0.342679174,0.402977186,3.301965982,1.812796867,21.34578983,4.887470851,3.906215915,0,0,0,0.033647011,0.030468451,1.027219349,0.03239189,4.403212197,0,,,,15163,710.3508523,908.7675694,275.2201489,2564.45,8865.73,42.57362115,232.6465278,275.2201489,710.3508523
9,720,14.97083527,3.737972222,11.61847222,11.59013889,19.16527778,0.504166667,13.67263889,1.01089908,1.789989763,0.222270448,0.216666667,0.025,1.008,0.149457385,0.173331805,0.116548619,0.19,0.063842326,3.222270448,0.10690666,0.525628434,0.710624605,3.677867036,1.569516637,21.22806781,4.611279171,4.448610694,0,0,0,0.046151396,0.04994813,0.748277352,0.052634194,4.340531318,0,,,,13799,650.0356097,1651.79263,449.1170054,2691.34,9844.3,77.81172759,371.3052778,449.1170054,650.0356097
10,744,7.139113477,8.241586022,9.934139785,10.34892473,10.3938172,18.7594086,13.26833333,1.0132518,2.05190016,0.246778861,2.790322581,0.948,0.556,0.167892003,1.021800772,0.183108962,0.19,0.070881831,3.246778861,0.666919556,1.395419349,2.674385068,3.670059372,2.351849715,30.79701014,3.699927332,4.166589038,0,0,0,0.075547717,0.12706556,0.216034202,0.12731394,5.970503469,0,,,,7733,251.0958033,15483.61372,4218.900064,6131.74,9871.64,502.7635362,3716.136528,4218.900064,251.0958033
11,720,2.079977135,14.42281944,8.215069444,9.181944444,10.2375,41.64027778,13.96290278,1.013730571,2.169315111,0.247407215,2.9625,2.102,0.546,0.171807331,2.130363366,0.237297969,0.19,0.071062312,3.247407215,0.810581856,1.826645885,3.084352017,3.651674641,3.87076339,53.31504687,3.709183726,3.920176901,0,0,0,0.100527887,0.147763509,0.191791981,0.147837019,10.32386314,0,,,,7371,138.2536532,31542.90688,8637.929163,10384.43,10053.29,591.6323577,8046.296806,8637.929163,138.2536532
12,744,2.221774348,14.7878629,7.83608871,8.856182796,9.191532258,44.39448925,13.79010753,1.014387174,1.72980728,0.187489359,2.97983871,2.239,0.490,0.132949579,2.255120067,0.241234305,0.19,0.053852219,3.187489359,0.833835406,1.875165744,3.152909475,3.705892256,4.011268852,54.53127779,3.700938573,3.97610442,0,0,0,0.103952479,0.152230764,0.194955367,0.152269731,10.55642368,0,,,,6838.5,125.4050937,34316.47662,9259.976881,11002.17,10259.84,629.2989639,8630.677917,9259.976881,125.4050937
,,,,,,,,,,,,,,,,,,,,,,,,,,,,,,,,,,,,,,,,,,,,,,,,,,
,,,,,,,,,,,,,,,,,,,,,,,,,,,,,,,,,,,,,,,,Summation,130137,4501,210111,56583,80272,114316,4375,52208,56583,4501
,,,,,,,,,,,,,,,,,,,,,,,Figure 3,,,,,,,,,,,,,,,,,Tables 3&4,130137,4877,210112,56206,,,3998,52208,56206,4877
,,,,,,,,,,,,,,,,,,,,,,,,,,,,,,,,,,,,,,,,Difference,0,-376,-1,377,,,377,0,377,-376
,,,,,,,,,,,,,,,,,,,,,,,,,,,,,,,,,,,,,,,,,,,,,,,,8875,,
,,,,Errors,,,,,,,,,,,,,,,,,,,,,,,,,,,,,,,,,,,,,,61083.63821,,,,,,8875,,
 Month,Cooling,Heating,DHW w/o LPS,Cooling,Heating,DHW w/o LPS,,,,,,,,,,,,,,,,,,,,,,,,,,,,,,,,,,,,61083,,,,,,,,
4,7683.369218,16988.5,1666.096672,422.585307,863.5818373,124.4698337,, Apr 16,,,,,,,,,,,,,,,,,,,,,,,,,,,,,,,,,,,,,,,,,,
5,13330,2428,1406.29504,733.15,122.6202147,108.0086213,, May 16,,,,,,,,,,,,,,,,,,,,,,,,,,,,,,,,,,,,,,,,,,
6,16678,563,748.3866512,917.29,28.35772548,59.2793721,, Jun 16,,,,,,,,,,,,,,,,,,,,,,,,,,,,,,,,,,,,,,,,,,
7,18304,0,385.8510307,1006.72,0,31.58565879,, Jul 16,,,,,,,,,,,,,,,,,,,,,,,,,,,,,,,,,,,,,,,,,,
8,15163,107,801.7675694,833.965,5.38399124,67.05006695,, Aug 16,,,,,,,,,,,,,,,,,,,,,,,,,,,,,,,,,,,,,,,,,,
9,13799,363,1288.79263,725.8665391,18.25140058,107.6093171,, Sep 16,,,,,,,,,,,,,,,,,,,,,,,,,,,,,,,,,,,,,,,,,,
10,7733,13957,1526.613719,413.5317499,705.3429917,124.9116504,, Oct 16,,,,,,,,,,,,,,,,,,,,,,,,,,,,,,,,,,,,,,,,,,
11,7371,29981,1561.90688,393.4369266,1513.210457,123.7012782,, Nov 16,,,,,,,,,,,,,,,,,,,,,,,,,,,,,,,,,,,,,,,,,,
12,6838.5,33029.5,1286.976616,364.5664069,1665.590393,98.91448669,, Dec 16,,,,,,,,,,,,,,,,,,,,,,,,,,,,,,,,,,,,,,,,,,
1,7162,39232,1682.145048,382.6751486,1977.456412,125.4493346,, Jan 17,,,,,,,,,,,,,,,,,,,,,,,,,,,,,,,,,,,,,,,,,,
2,7469.5,31964.5,1829.152664,397.0627964,1611.711564,134.7097685,, Feb 17,,,,,,,,,,,,,,,,,,,,,,,,,,,,,,,,,,,,,,,,,,
3,8605.5,25218,2095.936263,462.6585732,1273.43877,154.3964037,, Mar 17,,,,,,,,,,,,,,,,,,,,,,,,,,,,,,,,,,,,,,,,,,
,,,,,,,,,,,,,,,,,,,,,,,,,,,,,,,,,,,,,,,,,,,,,,,,,,
,,,,,,,,,,,,,,,,,,,,,,,,,,,,,,,,,,,,,,,,,,,,,,,,,,
,,,,,,,,,,,,,,,,,,,,,,,,,,,,,,,,,,,,,,,,,,,,,,,,,,
,,,,,,,,,,,,,,,,,,,,,,,,,,,,,,,,,,,,,,,,,,,,,,,,,,
,,,,,,,,,,,,,,,,,,,,,,,Figure 3 for B&W,,,,,,,,,,,,,,,,,,,,,,,,,,,
,,,,,,,,,,,,,,,,,,,,,,,,,,,,,,,,,,,,,,,,,,,,,,,,,,
,,,,,,,,,,,,,,,,,,,,,,,,,,,,,,,,,,,,,,,,,,,,,,,,,,
,,,,,,,,,,,,,,,,,,,,,,,,,,,,,,,,,,,,,,,,,,,,,,,,,,
,,,,,,,,,,,,,,,,,,,,,,,,,,,,,,,,,,,,,,,,,,,,,,,,,,
,,,,,,,,,,,,,,,,,,,,,,,,,,,,,,,,,,,,,,,,,,,,,,,,,,
,,,,,,,,,,,,,,,,,,,,,,,,,,,,,,,,,,,,,,,,,,,,,,,,,,
,,,,,,,,,,,,,,,,,,,,,,,,,,,,,,,,,,,,,,,,,,,,,,,,,,
,,,,,,,,,,,,,,,,,,,,,,,,,,,,,,,,,,,,,,,,,,,,,,,,,,
,,,,,,,,,,,,,,,,,,,,,,,,,,,,,,,,,,,,,,,,,,,,,,,,,,
,,,,,,,,,,,,,,,,,,,,,,,,,,,,,,,,,,,,,,,,,,,,,,,,,,
,,,,,,,,,,,,,,,,,,,,,,,,,,,,,,,,,,,,,,,,,,,,,,,,,,
,,,,,,,,,,,,,,,,,,,,,,,,,,,,,,,,,15,16,17,18,19,20,,,,,,,,,,,,
,,,,,,,,,,,,,,,,,,,,,,,,,,,,,,,,,,,,,,,,,,,,,,,,,,
,,,,,,,,,,,,,,,,,,,,,,,,,,,,,,,,,,,,,,,,,,,,,,,,,,
,,,,,,,,,,,,,,,,,,,,,,,,,,,,,,,,,,,,,,,,,,,,,,,,,,
 Month,Clg Provided (kW),Bldg Clg Uncertainty (kW),Hour Count, Month,Clg Provided (kWh),Bldg Clg Uncertainty (kWh),,,,,,,,,,,,,,,, Month,Count,Bldg Htg  & DHW provided by HP (kW),Bldg + DHW Htg by HP Uncertainty (kW),Bldg Htg  & DHW provided by HP (kWh),Bldg + DHW Htg by HP Uncertainty (kWh),,,,,,,,,,,,,,,,,,,,,,,
1,9.626344086,0.514348318,744,1,7162,382.6751486,,,,,,,,,,,,,,,,1,744,54.99213044,2.677955318,40914.14505,1992.398757,,,,,,,,,,,,,,,,,,,,,,,
2,11.11532738,0.590867257,672,2,7469.5,397.0627964,,,,,,,,,,,,,,,,2,672,50.28817361,2.426634368,33793.65266,1630.698296,,,,,,,,,,,,,,,,,,,,,,,
3,11.56653226,0.621852921,744,3,8605.5,462.6585732,,,,,,,,,,,,,,,,3,744,36.71227992,1.770610929,27313.93626,1317.334531,,,,,,,,,,,,,,,,,,,,,,,
4,10.67134614,0.586924037,720,4,7683.369218,422.585307,,,,,,,,,,,,,,,,4,720,25.90916204,1.263854937,18654.59667,909.9755545,,,,,,,,,,,,,,,,,,,,,,,
5,17.91666667,0.985416667,744,5,13330,733.15,,,,,,,,,,,,,,,,5,744,5.153622366,0.302031992,3834.29504,224.7118019,,,,,,,,,,,,,,,,,,,,,,,
6,23.16388889,1.274013889,720,6,16678,917.29,,,,,,,,,,,,,,,,6,720,1.821370349,0.120671444,1311.386651,86.88343975,,,,,,,,,,,,,,,,,,,,,,,
7,24.60215054,1.35311828,744,7,18304,1006.72,,,,,,,,,,,,,,,,7,744,0.518616977,0.042453842,385.8510307,31.58565879,,,,,,,,,,,,,,,,,,,,,,,
8,20.38037634,1.120920699,744,8,15163,833.965,,,,,,,,,,,,,,,,8,744,1.221461787,0.097005697,908.7675694,72.1722388,,,,,,,,,,,,,,,,,,,,,,,
9,19.16527778,1.008147971,720,9,13799,725.8665391,,,,,,,,,,,,,,,,9,720,2.29415643,0.173331805,1651.79263,124.7988995,,,,,,,,,,,,,,,,,,,,,,,
10,10.3938172,0.555822244,744,10,7733,413.5317499,,,,,,,,,,,,,,,,10,744,20.81130876,1.021800772,15483.61372,760.2197747,,,,,,,,,,,,,,,,,,,,,,,
11,10.2375,0.546440176,720,11,7371,393.4369266,,,,,,,,,,,,,,,,11,720,43.80959289,2.130363366,31542.90688,1533.861623,,,,,,,,,,,,,,,,,,,,,,,
12,9.191532258,0.490008611,744,12,6838.5,364.5664069,,,,,,,,,,,,,,,,12,744,46.12429653,2.255120067,34316.47662,1677.80933,,,,,,,,,,,,,,,,,,,,,,,
,,,,,,,,,,,,,,,,,,,,,,,,,,,,,,,,,,,,,,,,,,,,,,,,,,
,,,,,,,,,,,,,,,,,,,,,,,,,,,,,,,,,,,,,,,,,,,,,,,,,,
,,,,,,,,,,,,,,,,,,,,,,,,,,,,,,,,,,,,,,,,,,,,,,,,,,
,,,,,,,,,,,,,,,,,,,,,,,,,,,,,,,,,,,,,,,,,,,,,,,,,,
,,,,,,,,,,,,,,,,,,,,,,,,,,,,,,,,,,,,,,,,,,,,,,,,,,
,,,,,,,,,,,,,,,,,,,,,,,,,,,,,,,,,,,,,,,,,,,,,,,,,,
,,,,,,,,,,,,,,,,,,,,,,,,,,,,,,,,,,,,,,,,,,,,,,,,,,
 Month,,Count,ODA Temperature (°C),EL 007 (kW),GHE EFT (°C),GHE ExFT (°C),Clg Provided (kW),Bldg Htg Provided (kW),EL 003 (kW),CP Energy (kW),DHW Provided by HP (kW),DHW by LPS (kW),Useful Bldg Htg by LPS (kW),Bldg Htg Uncertainty (kW),Bldg Clg Uncertainty (kW),DHW Htg by HP Uncertainty (kW),Bldg + DHW Htg by HP Uncertainty (kW),EL007+EL011 Uncertainty (kW),,,EL011 Uncertainty (kW),HtgFrac,COP H4,COP H3,COP H2,COP C3,COP C2,Overall (H+C) COP,Not used,Not used,Not used,Not used,Not used,Error COP H3,Error COP H2,Error COP H3b,Error COP C2,,,,,,,,,,,,,
4, Apr 16,720,5.755324542,9.686111111,8.970694444,9.506944444,10.67134614,23.59513889,13.38961111,1.012410253,2.314023156,0.238516397,2.9125,1.199419219,0.586924037,0.172874769,1.263854937,0.197480974,0.19,0.068508619,3.238516397,0.708277805,1.515945248,2.793394109,3.616243237,2.732006768,36.1320997,3.713739799,4.018422868,0,0,0,0.082395596,0.132555547,0.202839734,0.132719026,7.006916023,0,,,,,,,,,,,,
5, May 16,744,12.60920885,4.493427419,10.68548387,10.75625,17.91666667,3.26344086,13.30165323,1.010323226,1.890181505,0.204619176,0.762096774,0.164812116,0.985416667,0.145172878,0.302031992,0.128721125,0.19,0.058772384,3.204619176,0.223387854,0.819887079,1.296923273,3.402849087,1.734392608,22.83456267,4.367386266,3.998750311,0,0,0,0.055556343,0.073127637,0.353444349,0.074180562,4.505458675,0,,,,,,,,,,,,
6, Jun 16,720,15.98487783,3.5995,11.33555556,11.30083333,23.16388889,0.781944444,11.06066667,1.011263992,1.039425904,0.118571181,0.220833333,0.03938573,1.274013889,0.082332461,0.120671444,0.113012559,0.19,0.034056979,3.118571181,0.072897797,0.490438906,0.588251044,3.283832656,2.258928868,24.70696024,5.492509223,3.787193188,0,0,0,0.041021661,0.037507188,0.706256427,0.038636169,4.943824278,0,,,,,,,,,,,,
7, Jul 16,744,18.38829287,3.241854839,11.59758065,11.54744624,24.60215054,0,10.67946237,1.011635639,0.518616977,0.062418235,0,0,1.35311828,0.042453842,0.042453842,0.10713312,0.19,0.017928273,3.062418235,0.02064495,0.167816155,0.178081983,2.588919692,2.352250203,24.83183326,5.920592953,2.890251852,0,0,0,0.018011604,0.014265222,1.40354941,0.015286921,5.159431268,0,,,,,,,,,,,,
8, Aug 16,744,16.57739814,3.446841398,11.55443548,11.50564516,20.38037634,0.143817204,11.91630376,1.01199526,1.077644583,0.134144452,0.056451613,0.007236547,1.120920699,0.090121058,0.097005697,0.110652829,0.19,0.03853006,3.134144452,0.056544345,0.342679174,0.402977186,3.301965982,1.812796867,21.34578983,4.887470851,3.906215915,0,0,0,0.033647011,0.030468451,1.027219349,0.03239189,4.403212197,0,,,,,,,,,,,,
9, Sep 16,720,14.97083527,3.737972222,11.61847222,11.59013889,19.16527778,0.504166667,13.67263889,1.01089908,1.789989763,0.222270448,0.216666667,0.025349167,1.008147971,0.149457385,0.173331805,0.116548619,0.19,0.063842326,3.222270448,0.10690666,0.525628434,0.710624605,3.677867036,1.569516637,21.22806781,4.611279171,4.448610694,0,0,0,0.046151396,0.04994813,0.748277352,0.052634194,4.340531318,0,,,,,,,,,,,,
10, Oct 16,744,7.139113477,8.241586022,9.934139785,10.34892473,10.3938172,18.7594086,13.26833333,1.0132518,2.05190016,0.246778861,2.790322581,0.948041656,0.555822244,0.167892003,1.021800772,0.183108962,0.19,0.070881831,3.246778861,0.666919556,1.395419349,2.674385068,3.670059372,2.351849715,30.79701014,3.699927332,4.166589038,0,0,0,0.075547717,0.12706556,0.216034202,0.12731394,5.970503469,0,,,,,,,,,,,,
11, Nov 16,720,2.079977135,14.42281944,8.215069444,9.181944444,10.2375,41.64027778,13.96290278,1.013730571,2.169315111,0.247407215,2.9625,2.10168119,0.546440176,0.171807331,2.130363366,0.237297969,0.19,0.071062312,3.247407215,0.810581856,1.826645885,3.084352017,3.651674641,3.87076339,53.31504687,3.709183726,3.920176901,0,0,0,0.100527887,0.147763509,0.191791981,0.147837019,10.32386314,0,,,,,,,,,,,,
12, Dec 16,744,2.221774348,14.7878629,7.83608871,8.856182796,9.191532258,44.39448925,13.79010753,1.014387174,1.72980728,0.187489359,2.97983871,2.238696765,0.490008611,0.132949579,2.255120067,0.241234305,0.19,0.053852219,3.187489359,0.833835406,1.875165744,3.152909475,3.705892256,4.011268852,54.53127779,3.700938573,3.97610442,0,0,0,0.103952479,0.152230764,0.194955367,0.152269731,10.55642368,0,,,,,,,,,,,,
1, Jan 17,744,-0.332138655,16.76150538,7.204973118,8.4,9.626344086,52.7311828,13.8377957,1.021663465,2.260947645,0.232308468,2.97983871,2.657871522,0.514348318,0.168614697,2.677955318,0.257324046,0.19,0.066725527,3.232308468,0.851027989,2.039546206,3.301252228,3.819253055,4.669708668,63.24829725,3.81431579,4.064700278,0,0,0,0.113250328,0.159348168,0.198169658,0.159393103,12.15917394,,,,,,,,,,,,,
2, Feb 17,672,0.027445799,15.76072917,7.466145833,8.528497024,11.11532738,47.56622024,14.10199405,1.015740312,2.721953369,0.273306052,2.986607143,2.398380304,0.590867257,0.200460965,2.426634368,0.247472377,0.19,0.078501187,3.273306052,0.818978931,1.960752658,3.227227184,3.775588801,4.354242441,60.45196816,3.854411339,4.027105764,0,0,0,0.107597867,0.153965095,0.195317191,0.154037768,11.67846444,,,,,,,,,,,,,
3, Mar 17,744,3.135342255,12.25231183,8.241330645,9.028763441,11.56653226,33.89516129,13.7138172,1.010647223,2.817118632,0.282993952,2.858870968,1.711611249,0.621852921,0.207522048,1.770610929,0.217170086,0.19,0.081283824,3.282993952,0.760422187,1.757190732,3.060799014,3.770065365,3.520450321,47.77019229,3.877013938,4.093096089,0,0,0,0.095809943,0.145249681,0.200500185,0.145383768,9.272137979,,,,,,,,,,,,,
,,,,,,,,,,,,,,,,,,,,,,,,,,,,,,,,,,,,,,,,,,,,,,,,,,
,,,,,,,,,,,,,,,,,,,,,,,,,,,,,,,,,,,,,,,,,,,,,,,,,,
,,,,,,,,,,,,,,,,,,,,,,,,,,,,,,,,,,,,,,,,,,,,,,,,,,
,,,,,,,,,,,,,Figure 8 for B&W,,,,,,,,,,,,,,,,,,,,,,,,,,,,,,,,,,,,,
,,,,,,,,,,,,,,,,,,,,,,,,,,,,,,,,,,,,,,,,,,,,,,,,,,
,,,,,,,,,,,,,,,,,,,,,,,,,,,,,,,,,,,,,,,,,,,,,,,,,,
,,,,,,,,,,,,,,,,,,,,,,,,,,,,,,,,,,,,,,,,,,,,,,,,,,
,,,,,,,,,,,,,,,,,,,,,,,,,,,,,,,,,,,,,,,,,,,,,,,,,,
,,,,,,,,,,,,,,,,,,,,,,,,,,,,,,,,,,,,,,,,,,,,,,,,,,
,,,,,,,,,,,,,,,,,,,,,,,,,,,,,,,,,,,,,,,,,,,,,,,,,,
,,,,,,,,,,,,,,,,,,,,,,,,,,,,,,,,,,,,,,,,,,,,,,,,,,
,,,,,,,,,,,,,,,,,,,,,,,,,,,,,,,,,,,,,,,,,,,,,,,,,,
,,,,,,,,,,,,,,,,,,,,,,,,,,,,,,,,,,,,,,,,,,,,,,,,,,
,,,,,,,,,,,,,,,,,,,,,,,,,,,,,,,,,,,,,,,,,,,,,,,,,,
,,,,,,,,,,,,,,,,,,,,,,,,,,,,,,,,,,,,,,,,,,,,,,,,,,
,,,,,,,,,,,,,,,,,,,,,,,,,,,,,,,,,,,,,,,,,,,,,,,,,,
,,,,,,,,,,,,,,,,,,,,,,,,,,,,,,,,,,,,,,,,,,,,,,,,,,
,,,,,,,,,,,,,,,,,,,,,,,,,,,,,,,,,,,,,,,,,,,,,,,,,,
,,,,,,,,,,,,,,,,,,,,,,,,,,,,,,,,,,,,,,,,,,,,,,,,,,
,,,,,,,,,,,,,,,,,,,,,,,,,,,,,,,,,,,,,,,,,,,,,,,,,,
,,,,,,,,,,,,,,,,,,,,,,,,,,,,,,,,,,,,,,,,,,,,,,,,,,
,,,,,,,,,,,,,,,,,,,,,,,,,,,,,,,,,,,,,,,,,,,,,,,,,,
,,,,,,,,,,,,,,,,,,,,,,,,,,,,,,,,,,,,,,,,,,,,,,,,,,
,,,,,,,,,,,,,,,,,,,,,,,,,,,,,,,,,,,,,,,,,,,,,,,,,,
,,,,,,,,,,,,,,,,,,,,,,,,,,,,,,,,,,,,,,,,,,,,,,,,,,
,,,,,,,,,,,,,,,,,,,,,,,,,,,,,,,,,,,,,,,,,,,,,,,,,,
,,,,,,,,,,,,,,,,,,,,,,,,,,,,,,,,,,,,,,,,,,,,,,,,,,
,,,,,,,,,,,,,,,,,,,,,,,,,,,,,,,,,,,,,,,,,,,,,,,,,,
,,,,,,,,,,,,,,,,,,,,,,,,,,,,,,,,,,,,,,,,,,,,,,,,,,
,,,,,,,,,,,,,,,,,,,,,,,,,,,,,,,,,,,,,,,,,,,,,,,,,,
,,,,,,,,,,,,,,,,,,,,,,,,,,,,,,,,,,,,,,,,,,,,,,,,,,
,,,,,,,,,,,,,,,,,,,,,,,,,,,,,,,,,,,,,,,,,,,,,,,,,,
,,,,,,,,,,,,,,,,,,,,,,,,,,,,,,,,,,,,,,,,,,,,,,,,,,
,,,,,,,,,,,,,,,,,,,,,,,,,,,,,,,,,,,,,,,,,,,,,,,,,,
,,,,,,,,,,,,,,,,,,,,,,,,,,,,,,,,,,,,,,,,,,,,,,,,,,