Day #,Tavg,COPdaily,HtgDaily,DHW w Leg. Daily,DHWdaily,Htg+DHW inc. Leg.  daily,,ClgSum,Clg2Sum,GHE EFT(°C),GHE ExFT(°C),BHHE,Htg Fraction,EH3,EH4,EC2,EC3,COPH3,COPH4,COPC2,COPC3,Overall COP,All Conditioning,EH2,All HP Heating,COPH2,DHW by HP,DHW w LPS,Elec003,Elec007,EH1,Htg Portion of SSCCP,Elec. Used by Load side CP & fans,DHW by LPS,Ht Loss by LPS,Useful Ht Loss by LPS,"Useful Ht dissipated by internal pumps, fans","Htg. Portion of electricity used by internal pumps, fans"
4/1/16,4.43287075,,704,,,782.9251389,,73.80699894,,,,,0.913850554,,,,,,,,,2.863141992,856.7321378,,,,,,,,,,,,,,,
4/2/16,4.581018958,,640,,,714.0368056,,112.5858124,,,,,0.863800228,,,,,,,,,2.97255481,826.6226179,,,,,,,,,,,,,,,
4/3/16,8.2152785,,502,,,568.8147222,,193.8080495,,,,,0.745866427,,,,,,,,,3.630587806,762.6227718,,,,,,,,,,,,,,,
4/4/16,4.67592625,,723,,,802.9144444,,223.168357,,,,,0.782504534,,,,,,,,,3.426466944,1026.082801,,,,,,,,,,,,,,,
4/5/16,6.615741333,,570,,,647.3218056,,285,,,,,0.694311558,,,,,,,,,3.572147791,932.3218056,,,,,,,,,,,,,,,
4/6/16,6.682870917,,570,,,650.2054167,,269,,,,,0.707355946,,,,,,,,,3.421182661,919.2054167,,,,,,,,,,,,,,,
4/7/16,6.789352208,,590,,,670.5545833,,265,,,,,0.716745549,,,,,,,,,3.382979161,935.5545833,,,,,,,,,,,,,,,
4/8/16,6.293981958,,645,,,723.0522222,,267,,,,,0.730317256,,,,,,,,,3.581169307,990.0522222,,,,,,,,,,,,,,,
4/9/16,6.34722275,,540,,,608.5023611,,190,,,,,0.762054555,,,,,,,,,3.26504905,798.5023611,,,,,,,,,,,,,,,
4/10/16,6.159722792,,557,,,627.3384722,,203,,,,,0.755521385,,,,,,,,,3.485631046,830.3384722,,,,,,,,,,,,,,,
4/11/16,6.664352542,,493,,,569.85625,,329,,,,,0.633979293,,,,,,,,,3.570990825,898.85625,,,,,,,,,,,,,,,
4/12/16,7.627315375,,504,,,580.6234722,,334,,,,,0.634822405,,,,,,,,,3.902184607,914.6234722,,,,,,,,,,,,,,,
4/13/16,7.340278292,,483,,,554.38,,325,,,,,0.630421433,,,,,,,,,3.683257729,879.38,,,,,,,,,,,,,,,
4/14/16,3.972222542,,587,,,666.5652778,,313,,,,,0.680470503,,,,,,,,,3.619339226,979.5652778,,,,,,,,,,,,,,,
4/15/16,6.622685667,,539,,,614.4013889,,306,,,,,0.667536356,,,,,,,,,3.823207974,920.4013889,,,,,,,,,,,,,,,
4/16/16,5.791667167,,515,,,587.9311111,,186,,,,,0.759668532,,,,,,,,,3.256491433,773.9311111,,,,,,,,,,,,,,,
4/17/16,6.699074583,,480,,,549.9311111,,187,,,,,0.746244938,,,,,,,,,3.262380445,736.9311111,,,,,,,,,,,,,,,
4/18/16,7.833334,,421,,,495.4963889,,291,,,,,0.630004658,,,,,,,,,3.431925309,786.4963889,,,,,,,,,,,,,,,
4/19/16,6.534722875,,486,,,562.6234722,,291,,,,,0.659100283,,,,,,,,,3.428240509,853.6234722,,,,,,,,,,,,,,,
4/20/16,6.548611708,,572,,,651.5652778,,317,,,,,0.672711786,,,,,,,,,3.851144969,968.5652778,,,,,,,,,,,,,,,
4/21/16,6.965278375,,458,,,531.2161111,,323.5,,,,,0.621511756,,,,,,,,,3.716176489,854.7161111,,,,,,,,,,,,,,,
4/22/16,5.023148583,,620.5,,,700.0070833,,319.5,,,,,0.686613261,,,,,,,,,3.910839244,1019.507083,,,,,,,,,,,,,,,
4/23/16,3.826389125,,465,,,536.2695833,,211,,,,,0.717638715,,,,,,,,,3.16129825,747.2695833,,,,,,,,,,,,,,,
4/24/16,1.703703833,,583,,,656.4548611,,198,,,,,0.768273306,,,,,,,,,3.094420948,854.4548611,,,,,,,,,,,,,,,
4/25/16,2.555555625,,676,,,755.6816667,,283,,,,,0.727539236,,,,,,,,,3.408412466,1038.681667,,,,,,,,,,,,,,,
4/26/16,4.215278125,,623,,,702.85625,,344,,,,,0.6713971,,,,,,,,,3.931300084,1046.85625,,,,,,,,,,,,,,,
4/27/16,3.2222225,,786,,,866.1472222,,294,,,,,0.746583887,,,,,,,,,3.789869833,1160.147222,,,,,,,,,,,,,,,
4/28/16,4.233796667,,728,,,807.3325,,280,,,,,0.742489073,,,,,,,,,3.751523972,1087.3325,,,,,,,,,,,,,,,
4/29/16,6.817130208,,496,,,570.8776389,,274,,,,,0.675692683,,,,,,,,,3.418545999,844.8776389,,,,,,,,,,,,,,,
4/30/16,7.668982042,,432,,,501.3491667,,195,,,,,0.719968072,,,,,,,,,3.415642864,696.3491667,,,,,,,,,,,,,,,
5/1/16,9.821760125,,256,,,292.0581944,,143,,,,,0.67130834,,,,,,,,,2.532786109,435.0581944,,,,,,,,,,,,,,,
5/2/16,11.46064908,,135,,,177.4595833,,359,,,,,0.330797676,,,,,,,,,3.203223717,536.4595833,,,,,,,,,,,,,,,
5/3/16,12.52083442,,192,,,222.80875,,413,,,,,0.350433601,,,,,,,,,4.243800531,635.80875,,,,,,,,,,,,,,,
5/4/16,13.50463075,,0,,,5.76125,,451,,,,,0.012613263,,,,,,,,,3.649401193,456.76125,,,,,,,,,,,,,,,
5/5/16,13.86342704,,0,,,0,,265,,,,,0,,,,,,,,,2.376881956,265,,,,,,,,,,,,,,,
5/6/16,13.9583345,,0,,,3.258888889,,423,,,,,0.007645328,,,,,,,,,3.681608851,426.2588889,,,,,,,,,,,,,,,
5/7/16,15.25231608,,0,,,0.640138889,,326,,,,,0.001959768,,,,,,,,,2.876350894,326.6401389,,,,,,,,,,,,,,,
5/8/16,16.35185321,,0,,,0.52375,,381,,,,,0.001372785,,,,,,,,,3.922012506,381.52375,,,,,,,,,,,,,,,
5/9/16,18.36112796,,0,,,6.925138889,,1025.5,,,,,0.006707643,,,,,,,,,8.042535622,1032.425139,,,,,,,,,,,,,,,
5/10/16,17.36805688,,0,,,6.285,,1003,,,,,0.006227181,,,,,,,,,9.014890381,1009.285,,,,,,,,,,,,,,,
5/11/16,10.2800935,,4,,,13.69236111,,402,,,,,0.032938688,,,,,,,,,3.398106071,415.6923611,,,,,,,,,,,,,,,
5/12/16,10.43518604,,208,,,239.7398611,,402,,,,,0.373577949,,,,,,,,,4.19765394,641.7398611,,,,,,,,,,,,,,,
5/13/16,9.488426667,,186,,,216.80875,,394,,,,,0.354953576,,,,,,,,,3.937207773,610.80875,,,,,,,,,,,,,,,
5/14/16,7.1134265,,170,,,222.1056944,,198,,,,,0.528690035,,,,,,,,,2.897468449,420.1056944,,,,,,,,,,,,,,,
5/15/16,6.543982,,397,,,466.8147222,,182,,,,,0.719488486,,,,,,,,,3.618586414,648.8147222,,,,,,,,,,,,,,,
5/16/16,8.046296875,,226,,,281.7980556,,275,,,,,0.506104597,,,,,,,,,3.259988625,556.7980556,,,,,,,,,,,,,,,
5/17/16,8.972223,,170,,,210.3906944,,272,,,,,0.436141694,,,,,,,,,2.853866039,482.3906944,,,,,,,,,,,,,,,
5/18/16,11.60416771,,64,,,98.79805556,,332,,,,,0.229337283,,,,,,,,,3.011783053,430.7980556,,,,,,,,,,,,,,,
5/19/16,13.23611208,,18,,,34.79805556,,300,,,,,0.103937448,,,,,,,,,2.808458729,334.7980556,,,,,,,,,,,,,,,
5/20/16,14.04861217,,5,,,17.45958333,,393,,,,,0.042536669,,,,,,,,,3.518407899,410.4595833,,,,,,,,,,,,,,,
5/21/16,13.09722325,,19,,,29.10569444,,201,,,,,0.126488371,,,,,,,,,2.214032154,230.1056944,,,,,,,,,,,,,,,
5/22/16,15.1597235,,25,,,29.39666667,,260,,,,,0.101579147,,,,,,,,,2.530630274,289.3966667,,,,,,,,,,,,,,,
5/23/16,16.96990871,,0,,,7.681666667,,820,,,,,0.009280943,,,,,,,,,7.222315177,827.6816667,,,,,,,,,,,,,,,
5/24/16,16.46759379,,0,,,6.80875,,1029,,,,,0.006573366,,,,,,,,,9.132456823,1035.80875,,,,,,,,,,,,,,,
5/25/16,10.21876179,,34,,,48.08902778,,360.5,,,,,0.117695348,,,,,,,,,2.994915919,408.5890278,,,,,,,,,,,,,,,
5/26/16,9.09953775,,162,,,238.2743056,,305,,,,,0.438589315,,,,,,,,,3.592594518,543.2743056,,,,,,,,,,,,,,,
5/27/16,10.03240821,,81,,,135.6923611,,281,,,,,0.325641585,,,,,,,,,2.953849942,416.6923611,,,,,,,,,,,,,,,
5/28/16,11.81481579,,48,,,75.93111111,,178,,,,,0.299022482,,,,,,,,,2.224916953,253.9311111,,,,,,,,,,,,,,,
5/29/16,12.95370471,,12,,,22.10569444,,204,,,,,0.097767084,,,,,,,,,2.175963667,226.1056944,,,,,,,,,,,,,,,
5/30/16,15.25463075,,16,,,29.3325,,692,,,,,0.040664326,,,,,,,,,5.845689262,721.3325,,,,,,,,,,,,,,,
5/31/16,17.58564954,,0,,,6.692361111,,1060,,,,,0.006273937,,,,,,,,,9.499649817,1066.692361,,,,,,,,,,,,,,,
6/1/16,18.08564962,,0,,,6.226805556,,1025,,,,,0.00603825,,,,,,,,,9.374146117,1031.226806,,,,,,,,,,,,,,,
6/2/16,20.19676079,,0,,,5.470277778,,1141,,,,,0.004771408,,,,,,,,,10.68755484,1146.470278,,,,,,,,,,,,,,,
6/3/16,19.56713117,,0,,,5.935833333,,1091,,,,,0.005411286,,,,,,,,,10.08699395,1096.935833,,,,,,,,,,,,,,,
6/4/16,14.10648271,,0,,,0.640138889,,335,,,,,0.001907218,,,,,,,,,3.005170696,335.6401389,,,,,,,,,,,,,,,
6/5/16,11.68287129,,15,,,18.34916667,,324,,,,,0.053597813,,,,,,,,,3.509452119,342.3491667,,,,,,,,,,,,,,,
6/6/16,12.06944546,,73,,,88,,287,,,,,0.234666667,,,,,,,,,3.062285778,375,,,,,,,,,,,,,,,
6/7/16,18.21296442,,3,,,10.07361111,,1061,,,,,0.009405153,,,,,,,,,9.981060508,1071.073611,,,,,,,,,,,,,,,
6/8/16,13.99074187,,0,,,4.539166667,,421,,,,,0.01066686,,,,,,,,,3.949042869,425.5391667,,,,,,,,,,,,,,,
6/9/16,10.61805642,,77,,,92.89902778,,381,,,,,0.196031269,,,,,,,,,3.597213166,473.8990278,,,,,,,,,,,,,,,
6/10/16,9.363426667,,118,,,164.0736111,,315,,,,,0.342481004,,,,,,,,,3.587206678,479.0736111,,,,,,,,,,,,,,,
6/11/16,9.958334167,,114,,,141.5819444,,223,,,,,0.388340527,,,,,,,,,2.715339311,364.5819444,,,,,,,,,,,,,,,
6/12/16,12.13888988,,93,,,114.4655556,,234,,,,,0.328484562,,,,,,,,,2.849720643,348.4655556,,,,,,,,,,,,,,,
6/13/16,15.71759383,,45,,,57.95722222,,704,,,,,0.076063617,,,,,,,,,6.34802467,761.9572222,,,,,,,,,,,,,,,
6/14/16,15.59953821,,0,,,4.131805556,,649,,,,,0.006326144,,,,,,,,,6.026449506,653.1318056,,,,,,,,,,,,,,,
6/15/16,16.50926071,,8,,,16.41208333,,823,,,,,0.019551879,,,,,,,,,6.800129537,839.4120833,,,,,,,,,,,,,,,
6/16/16,13.63888992,,0,,,3.840833333,,342,,,,,0.011105783,,,,,,,,,3.184227204,345.8408333,,,,,,,,,,,,,,,
6/17/16,15.79398267,,0,,,2.676944444,,427,,,,,0.006230133,,,,,,,,,4.133472404,429.6769444,,,,,,,,,,,,,,,
6/18/16,13.525464,,15,,,36.46555556,,197,,,,,0.156192443,,,,,,,,,2.19036431,233.4655556,,,,,,,,,,,,,,,
6/19/16,16.00231617,,2,,,5.349166667,,217,,,,,0.024057507,,,,,,,,,2.199503835,222.3491667,,,,,,,,,,,,,,,
6/20/16,16.32176058,,0,,,4.480972222,,507,,,,,0.00876078,,,,,,,,,4.683865868,511.4809722,,,,,,,,,,,,,,,
6/21/16,17.23148292,,0,,,3.66625,,629,,,,,0.00579492,,,,,,,,,5.858131482,632.66625,,,,,,,,,,,,,,,
6/22/16,19.04166813,,0,,,3.782638889,,859,,,,,0.004384232,,,,,,,,,8.025093557,862.7826389,,,,,,,,,,,,,,,
6/23/16,19.84259421,,0,,,2.61875,,857,,,,,0.003046409,,,,,,,,,8.118990159,859.61875,,,,,,,,,,,,,,,
6/24/16,17.24768658,,0,,,0,,208,,,,,0,,,,,,,,,2.167782127,208,,,,,,,,,,,,,,,
6/25/16,22.63889079,,0,,,0,,325,,,,,0,,,,,,,,,3.413485404,325,,,,,,,,,,,,,,,
6/26/16,18.24768658,,0,,,0,,281,,,,,0,,,,,,,,,2.969850872,281,,,,,,,,,,,,,,,
6/27/16,18.17361254,,0,,,3.1425,,740,,,,,0.004228664,,,,,,,,,6.350127776,743.1425,,,,,,,,,,,,,,,
6/28/16,18.49768667,,0,,,3.026111111,,759,,,,,0.003971138,,,,,,,,,7.253895714,762.0261111,,,,,,,,,,,,,,,
6/29/16,17.38426067,,0,,,4.480972222,,660,,,,,0.006743567,,,,,,,,,6.029907192,664.4809722,,,,,,,,,,,,,,,
6/30/16,18.14120521,,0,,,3.084305556,,656,,,,,0.004679683,,,,,,,,,6.313636413,659.0843056,,,,,,,,,,,,,,,
7/1/16,18.51157563,,0,,,1.920416667,,590,,,,,0.003244383,,,,,,,,,5.742476829,591.9204167,,,,,,,,,,,,,,,
7/2/16,18.25694596,,0,,,0.232777778,,291,,,,,0.000799284,,,,,,,,,3.030498997,291.2327778,,,,,,,,,,,,,,,
7/3/16,15.990742,,0,,,0.931111111,,289,,,,,0.003211491,,,,,,,,,2.585886145,289.9311111,,,,,,,,,,,,,,,
7/4/16,16.39351987,,0,,,1.978611111,,617,,,,,0.003196574,,,,,,,,,6.051177717,618.9786111,,,,,,,,,,,,,,,
7/5/16,16.38889017,,0,,,2.385972222,,545,,,,,0.004358848,,,,,,,,,5.263078499,547.3859722,,,,,,,,,,,,,,,
7/6/16,17.57639033,,0,,,2.095,,681,,,,,0.003066923,,,,,,,,,6.706174782,683.095,,,,,,,,,,,,,,,
7/7/16,16.85416808,,0,,,3.375277778,,575,,,,,0.005835792,,,,,,,,,5.429193746,578.3752778,,,,,,,,,,,,,,,
7/8/16,18.38194592,,0,,,2.385972222,,747,,,,,0.003183903,,,,,,,,,7.248319598,749.3859722,,,,,,,,,,,,,,,
7/9/16,17.86111246,,0,,,0.290972222,,391,,,,,0.000743621,,,,,,,,,4.054803435,391.2909722,,,,,,,,,,,,,,,
7/10/16,17.92592733,,0,,,0.756527778,,397,,,,,0.001901987,,,,,,,,,3.620657334,397.7565278,,,,,,,,,,,,,,,
7/11/16,18.91666817,,0,,,1.862222222,,649,,,,,0.002861162,,,,,,,,,6.473625676,650.8622222,,,,,,,,,,,,,,,
7/12/16,17.55092742,,0,,,1.687638889,,520,,,,,0.00323496,,,,,,,,,5.176625768,521.6876389,,,,,,,,,,,,,,,
7/13/16,16.86574208,,0,,,2.153194444,,392,,,,,0.005462836,,,,,,,,,3.818181693,394.1531944,,,,,,,,,,,,,,,
7/14/16,17.72685337,,0,,,1.57125,,563,,,,,0.002783085,,,,,,,,,5.577631818,564.57125,,,,,,,,,,,,,,,
7/15/16,16.49305683,,0,,,1.745833333,,364,,,,,0.004773351,,,,,,,,,3.609431172,365.7458333,,,,,,,,,,,,,,,
7/16/16,17.70833488,,0,,,0.232777778,,299,,,,,0.000777915,,,,,,,,,3.099330762,299.2327778,,,,,,,,,,,,,,,
7/17/16,17.79861271,,0,,,0.581944444,,356,,,,,0.001632008,,,,,,,,,3.603003882,356.5819444,,,,,,,,,,,,,,,
7/18/16,16.75463096,,0,,,1.687638889,,630,,,,,0.002671635,,,,,,,,,5.47766512,631.6876389,,,,,,,,,,,,,,,
7/19/16,17.53472363,,0,,,1.862222222,,690,,,,,0.002691608,,,,,,,,,6.826630273,691.8622222,,,,,,,,,,,,,,,
7/20/16,19.21759013,,0,,,1.804027778,,840,,,,,0.00214305,,,,,,,,,8.221497011,841.8040278,,,,,,,,,,,,,,,
7/21/16,19.19676079,,0,,,1.920416667,,879,,,,,0.002180012,,,,,,,,,8.682650584,880.9204167,,,,,,,,,,,,,,,
7/22/16,19.57407554,,0,,,1.920416667,,769,,,,,0.00249107,,,,,,,,,7.427651466,770.9204167,,,,,,,,,,,,,,,
7/23/16,19.93981633,,0,,,0.349166667,,316,,,,,0.001103738,,,,,,,,,3.314398505,316.3491667,,,,,,,,,,,,,,,
7/24/16,21.36574246,,0,,,0.349166667,,467,,,,,0.000747122,,,,,,,,,4.927372281,467.3491667,,,,,,,,,,,,,,,
7/25/16,22.79398317,,0,,,1.338472222,,1161,,,,,0.001151534,,,,,,,,,11.60394284,1162.338472,,,,,,,,,,,,,,,
7/26/16,20.12731646,,0,,,1.687638889,,1025,,,,,0.001643771,,,,,,,,,10.32702662,1026.687639,,,,,,,,,,,,,,,
7/27/16,18.86805712,,0,,,1.920416667,,848,,,,,0.002259525,,,,,,,,,7.417016774,849.9204167,,,,,,,,,,,,,,,
7/28/16,19.34722371,,0,,,2.211388889,,667,,,,,0.00330447,,,,,,,,,6.509360627,669.2113889,,,,,,,,,,,,,,,
7/29/16,19.80324237,,0,,,1.862222222,,867,,,,,0.002143288,,,,,,,,,8.632459275,868.8622222,,,,,,,,,,,,,,,
7/30/16,19.88426083,,0,,,0.872916667,,424,,,,,0.002054536,,,,,,,,,4.310912112,424.8729167,,,,,,,,,,,,,,,
7/31/16,18.42824229,,0,,,0.465555556,,455,,,,,0.001022153,,,,,,,,,4.771393955,455.4655556,,,,,,,,,,,,,,,
8/1/16,17.87037179,,0,,,2.269583333,,713,,,,,0.003173046,,,,,,,,,7.033782569,715.2695833,,,,,,,,,,,,,,,
8/2/16,17.04629771,,0,,,2.269583333,,609,,,,,0.003712901,,,,,,,,,5.945187471,611.2695833,,,,,,,,,,,,,,,
8/3/16,17.12963104,,0,,,2.735138889,,628,,,,,0.00433643,,,,,,,,,5.472727502,630.7351389,,,,,,,,,,,,,,,
8/4/16,17.42824204,,0,,,2.444166667,,505,,,,,0.004816622,,,,,,,,,4.924369272,507.4441667,,,,,,,,,,,,,,,
8/5/16,18.58564967,,0,,,2.153194444,,637,,,,,0.003368824,,,,,,,,,6.320268046,639.1531944,,,,,,,,,,,,,,,
8/6/16,18.53935333,,0,,,0.52375,,387,,,,,0.00135153,,,,,,,,,3.967660097,387.52375,,,,,,,,,,,,,,,
8/7/16,18.94444604,,0,,,0.349166667,,465,,,,,0.000750333,,,,,,,,,4.880557378,465.3491667,,,,,,,,,,,,,,,
8/8/16,18.59953854,,0,,,3.084305556,,688,,,,,0.004462995,,,,,,,,,6.73456281,691.0843056,,,,,,,,,,,,,,,
8/9/16,15.67129767,,0,,,3.608055556,,365,,,,,0.009788325,,,,,,,,,3.341639539,368.6080556,,,,,,,,,,,,,,,
8/10/16,13.78935287,,0,,,3.200694444,,317,,,,,0.009995901,,,,,,,,,3.047191285,320.2006944,,,,,,,,,,,,,,,
8/11/16,12.31944533,,43,,,61.72444444,,329,,,,,0.157974361,,,,,,,,,3.327082857,390.7244444,,,,,,,,,,,,,,,
8/12/16,13.87731587,,38,,,53.20069444,,378,,,,,0.123378035,,,,,,,,,3.731704441,431.2006944,,,,,,,,,,,,,,,
8/13/16,17.56944583,,0,,,1.454861111,,285,,,,,0.005078849,,,,,,,,,2.849232689,286.4548611,,,,,,,,,,,,,,,
8/14/16,15.43518646,,0,,,1.513055556,,214,,,,,0.007020714,,,,,,,,,1.863967597,215.5130556,,,,,,,,,,,,,,,
8/15/16,13.81713075,,4,,,11.77194444,,299,,,,,0.037879688,,,,,,,,,2.830408849,310.7719444,,,,,,,,,,,,,,,
8/16/16,15.62037171,,0,,,4.888333333,,416,,,,,0.011614324,,,,,,,,,3.690364857,420.8883333,,,,,,,,,,,,,,,
8/17/16,14.4455985,,0,,,4.131805556,,274,,,,,0.014855567,,,,,,,,,2.580131155,278.1318056,,,,,,,,,,,,,,,
8/18/16,14.11342692,,0,,,4.888333333,,266,,,,,0.018045566,,,,,,,,,2.480648719,270.8883333,,,,,,,,,,,,,,,
8/19/16,15.44676046,,0,,,3.433472222,,336,,,,,0.010115302,,,,,,,,,3.20067464,339.4334722,,,,,,,,,,,,,,,
8/20/16,17.37963108,,0,,,0.465555556,,288,,,,,0.001613903,,,,,,,,,2.971802306,288.4655556,,,,,,,,,,,,,,,
8/21/16,16.67824213,,0,,,0.349166667,,197,,,,,0.001769284,,,,,,,,,2.036614456,197.3491667,,,,,,,,,,,,,,,
8/22/16,18.46759404,,0,,,4.539166667,,727,,,,,0.006204954,,,,,,,,,6.763644305,731.5391667,,,,,,,,,,,,,,,
8/23/16,18.37268667,,0,,,5.644861111,,854,,,,,0.006566504,,,,,,,,,7.312977109,859.6448611,,,,,,,,,,,,,,,
8/24/16,18.35416821,,0,,,5.412083333,,882,,,,,0.006098726,,,,,,,,,8.191933817,887.4120833,,,,,,,,,,,,,,,
8/25/16,19.07407563,,0,,,5.470277778,,808,,,,,0.006724619,,,,,,,,,7.45273286,813.4702778,,,,,,,,,,,,,,,
8/26/16,20.60879796,,0,,,3.840833333,,1012,,,,,0.00378094,,,,,,,,,9.668454978,1015.840833,,,,,,,,,,,,,,,
8/27/16,18.94213117,,0,,,0.174583333,,477,,,,,0.000365869,,,,,,,,,5.014186586,477.1745833,,,,,,,,,,,,,,,
8/28/16,13.85648258,,0,,,0.174583333,,269,,,,,0.000648588,,,,,,,,,2.816205149,269.1745833,,,,,,,,,,,,,,,
8/29/16,13.91203808,,0,,,5.644861111,,372,,,,,0.014947539,,,,,,,,,3.341844901,377.6448611,,,,,,,,,,,,,,,
8/30/16,14.50926042,,22,,,40.57597222,,510,,,,,0.073697317,,,,,,,,,4.261074277,550.5759722,,,,,,,,,,,,,,,
8/31/16,17.49537179,,0,,,6.866944444,,656,,,,,0.010359461,,,,,,,,,5.961537512,662.8669444,,,,,,,,,,,,,,,
9/1/16,17.50000129,,0,,,7.041527778,,595,,,,,0.011696083,,,,,,,,,5.337836949,602.0415278,,,,,,,,,,,,,,,
9/2/16,16.23148279,,0,,,5.819444444,,572,,,,,0.010071389,,,,,,,,,5.287148154,577.8194444,,,,,,,,,,,,,,,
9/3/16,15.36342729,,0,,,0.407361111,,214,,,,,0.00189994,,,,,,,,,2.217687487,214.4073611,,,,,,,,,,,,,,,
9/4/16,13.976853,,0,,,0.581944444,,242,,,,,0.00239896,,,,,,,,,2.214196597,242.5819444,,,,,,,,,,,,,,,
9/5/16,13.44213071,,11,,,23.92513889,,401,,,,,0.056304362,,,,,,,,,3.794970568,424.9251389,,,,,,,,,,,,,,,
9/6/16,16.26389021,,18,,,34.27430556,,671,,,,,0.048597128,,,,,,,,,5.841995182,705.2743056,,,,,,,,,,,,,,,
9/7/16,20.03703863,,0,,,6.285,,1010,,,,,0.006184289,,,,,,,,,9.321953667,1016.285,,,,,,,,,,,,,,,
9/8/16,16.18981608,,0,,,6.750555556,,535,,,,,0.012460634,,,,,,,,,4.829833381,541.7505556,,,,,,,,,,,,,,,
9/9/16,16.40277908,,0,,,5.586666667,,490,,,,,0.011272835,,,,,,,,,4.598663395,495.5866667,,,,,,,,,,,,,,,
9/10/16,18.25231638,,0,,,0.640138889,,436,,,,,0.001466056,,,,,,,,,4.435119037,436.6401389,,,,,,,,,,,,,,,
9/11/16,17.42361246,,0,,,0.640138889,,338,,,,,0.001890322,,,,,,,,,3.153223546,338.6401389,,,,,,,,,,,,,,,
9/12/16,16.55092721,,0,,,7.448888889,,750,,,,,0.00983418,,,,,,,,,6.788473592,757.4488889,,,,,,,,,,,,,,,
9/13/16,17.13196771,,0,,,7.798055556,,808,,,,,0.009558806,,,,,,,,,7.161905585,815.7980556,,,,,,,,,,,,,,,
9/14/16,16.89351987,,0,,,6.517777778,,703,,,,,0.009186208,,,,,,,,,6.439767509,709.5177778,,,,,,,,,,,,,,,
9/15/16,17.71296438,,0,,,6.925138889,,853,,,,,0.008053188,,,,,,,,,7.818386481,859.9251389,,,,,,,,,,,,,,,
9/16/16,12.72222325,,22,,,30.99402778,,456,,,,,0.063643548,,,,,,,,,3.950609635,486.9940278,,,,,,,,,,,,,,,
9/17/16,11.87268625,,42,,,54.69833333,,252,,,,,0.178345714,,,,,,,,,2.854053744,306.6983333,,,,,,,,,,,,,,,
9/18/16,12.04861208,,33,,,45.81472222,,245,,,,,0.157539212,,,,,,,,,2.412840324,290.8147222,,,,,,,,,,,,,,,
9/19/16,14.38889004,,41,,,69.21611111,,477,,,,,0.126719278,,,,,,,,,4.426195879,546.2161111,,,,,,,,,,,,,,,
9/20/16,13.90972333,,0,,,6.866944444,,375,,,,,0.017982558,,,,,,,,,3.39797917,381.8669444,,,,,,,,,,,,,,,
9/21/16,12.61111217,,52,,,74.97263889,,405,,,,,0.156201902,,,,,,,,,3.615207225,479.9726389,,,,,,,,,,,,,,,
9/22/16,12.4189825,,19,,,38.56527778,,347,,,,,0.100022694,,,,,,,,,3.212492452,385.5652778,,,,,,,,,,,,,,,
9/23/16,11.50694537,,49,,,79.57597222,,324,,,,,0.19717718,,,,,,,,,3.252873026,403.5759722,,,,,,,,,,,,,,,
9/24/16,12.67592687,,19,,,25.98930556,,200,,,,,0.115002369,,,,,,,,,1.916771477,225.9893056,,,,,,,,,,,,,,,
9/25/16,14.31018633,,14,,,24.0475,,220,,,,,0.098536146,,,,,,,,,2.343286141,244.0475,,,,,,,,,,,,,,,
9/26/16,15.07639013,,0,,,7.85625,,453,,,,,0.017047073,,,,,,,,,4.04293198,460.85625,,,,,,,,,,,,,,,
9/27/16,14.689816,,0,,,7.914444444,,447,,,,,0.017397655,,,,,,,,,3.986367236,454.9144444,,,,,,,,,,,,,,,
9/28/16,14.23842712,,0,,,7.623472222,,327,,,,,0.02278224,,,,,,,,,2.743760817,334.6234722,,,,,,,,,,,,,,,
9/29/16,13.74537146,,11,,,31.32180556,,312,,,,,0.091231623,,,,,,,,,2.752028705,343.3218056,,,,,,,,,,,,,,,
9/30/16,13.53703808,,32,,,52.93583333,,341,,,,,0.134376791,,,,,,,,,3.368107096,393.9358333,,,,,,,,,,,,,,,
10/1/16,12.00926012,,111,,,160.57125,,227,,,,,0.414301241,,,,,,,,,3.063621608,387.57125,,,,,,,,,,,,,,,
10/2/16,10.30092671,,156,,,195.7565278,,228,,,,,0.461955191,,,,,,,,,2.878046672,423.7565278,,,,,,,,,,,,,,,
10/3/16,8.673611708,,281,,,339.85625,,370,,,,,0.478767708,,,,,,,,,3.949556961,709.85625,,,,,,,,,,,,,,,
10/4/16,7.206019042,,371,,,441.9726389,,354,,,,,0.555261095,,,,,,,,,3.899521319,795.9726389,,,,,,,,,,,,,,,
10/5/16,6.881944917,,461,,,538.5545833,,373,,,,,0.590808925,,,,,,,,,4.152158034,911.5545833,,,,,,,,,,,,,,,
10/6/16,7.870371083,,323,,,390.4488889,,342,,,,,0.533073222,,,,,,,,,3.792309238,732.4488889,,,,,,,,,,,,,,,
10/7/16,8.187500708,,208,,,269.0997222,,313,,,,,0.462291446,,,,,,,,,3.111919072,582.0997222,,,,,,,,,,,,,,,
10/8/16,7.675926583,,319,,,392.2220833,,184,,,,,0.680678674,,,,,,,,,3.276956954,576.2220833,,,,,,,,,,,,,,,
10/9/16,7.858796917,,299,,,369.2220833,,175,,,,,0.678440098,,,,,,,,,2.99829364,544.2220833,,,,,,,,,,,,,,,
10/10/16,7.398148833,,419,,,499.6709722,,270,,,,,0.64920075,,,,,,,,,3.622875333,769.6709722,,,,,,,,,,,,,,,
10/11/16,7.543982083,,409,,,486.0890278,,254,,,,,0.656798047,,,,,,,,,3.707663925,740.0890278,,,,,,,,,,,,,,,
10/12/16,6.807870958,,398,,,474.85625,,264,,,,,0.642690984,,,,,,,,,3.468679056,738.85625,,,,,,,,,,,,,,,
10/13/16,5.849537542,,486,,,564.3111111,,262,,,,,0.682928141,,,,,,,,,3.364391748,826.3111111,,,,,,,,,,,,,,,
10/14/16,5.525463458,,617,,,695.7505556,,246,,,,,0.738784332,,,,,,,,,3.751536858,941.7505556,,,,,,,,,,,,,,,
10/15/16,6.131944875,,631,,,704.57125,,171,,,,,0.804698932,,,,,,,,,3.599609782,875.57125,,,,,,,,,,,,,,,
10/16/16,7.083333917,,590,,,663.3384722,,163,,,,,0.802744268,,,,,,,,,3.672115993,826.3384722,,,,,,,,,,,,,,,
10/17/16,7.729167375,,472,,,552.8455556,,235,,,,,0.701718188,,,,,,,,,3.52050671,787.8455556,,,,,,,,,,,,,,,
10/18/16,8.104167417,,365,,,442.8455556,,250,,,,,0.639169223,,,,,,,,,3.372650175,692.8455556,,,,,,,,,,,,,,,
10/19/16,8.344908083,,258,,,338.0890278,,234,,,,,0.590972753,,,,,,,,,2.979465832,572.0890278,,,,,,,,,,,,,,,
10/20/16,7.613426667,,348,,,425.2636111,,244,,,,,0.63542019,,,,,,,,,3.160025067,669.2636111,,,,,,,,,,,,,,,
10/21/16,6.650463542,,460,,,539.2743056,,253,,,,,0.680666155,,,,,,,,,3.421012334,792.2743056,,,,,,,,,,,,,,,
10/22/16,4.61342625,,743,,,816.5130556,,173,,,,,0.825166531,,,,,,,,,3.43747303,989.5130556,,,,,,,,,,,,,,,
10/23/16,5.423611542,,641,,,714.4548611,,175,,,,,0.803250274,,,,,,,,,3.294147914,889.4548611,,,,,,,,,,,,,,,
10/24/16,6.495370833,,579,,,660.0783333,,266,,,,,0.712767279,,,,,,,,,3.654457731,926.0783333,,,,,,,,,,,,,,,
10/25/16,4.115741042,,833,,,912.85625,,254,,,,,0.782321087,,,,,,,,,3.731223126,1166.85625,,,,,,,,,,,,,,,
10/26/16,4.208333667,,814,,,894.4381944,,285,,,,,0.75835953,,,,,,,,,3.836312403,1179.438194,,,,,,,,,,,,,,,
10/27/16,8.162037708,,368,,,442.2636111,,263,,,,,0.627089792,,,,,,,,,3.253952443,705.2636111,,,,,,,,,,,,,,,
10/28/16,9.76157475,,256,,,329.85625,,250,,,,,0.568858661,,,,,,,,,3.090908259,579.85625,,,,,,,,,,,,,,,
10/29/16,6.800926542,,568,,,641.57125,,180,,,,,0.780907621,,,,,,,,,3.48580403,821.57125,,,,,,,,,,,,,,,
10/30/16,6.534722667,,439,,,509.7458333,,189,,,,,0.729515382,,,,,,,,,2.903532978,698.7458333,,,,,,,,,,,,,,,
10/31/16,3.75000025,,734,,,810.2161111,,286,,,,,0.739102539,,,,,,,,,3.603596127,1096.216111,,,,,,,,,,,,,,,
11/1/16,3.310185583,,991,,,1070.390694,,267,,,,,0.800357516,,,,,,,,,3.798244916,1337.390694,,,,,,,,,,,,,,,
11/2/16,1.131944667,,1223,,,1302.099722,,275,,,,,0.825629289,,,,,,,,,3.999333861,1577.099722,,,,,,,,,,,,,,,
11/3/16,0.972222333,,1243,,,1321.866944,,267,,,,,0.831955721,,,,,,,,,3.859933972,1588.866944,,,,,,,,,,,,,,,
11/4/16,-0.65972225,,1027,,,1104.062917,,258,,,,,0.810581437,,,,,,,,,3.15693827,1362.062917,,,,,,,,,,,,,,,
11/5/16,0.5555555,,1060,,,1132,,106,,,,,0.914378029,,,,,,,,,3.427297526,1238,,,,,,,,,,,,,,,
11/6/16,-1.217592667,,1203,,,1275.640139,,184,,,,,0.873941532,,,,,,,,,3.509588907,1459.640139,,,,,,,,,,,,,,,
11/7/16,-2.650463167,,1326,,,1406.496389,,280,,,,,0.833975334,,,,,,,,,3.460611289,1686.496389,,,,,,,,,,,,,,,
11/8/16,-3.090278042,,1471,,,1552.369306,,284,,,,,0.845347012,,,,,,,,,3.812896081,1836.369306,,,,,,,,,,,,,,,
11/9/16,-1.116895125,,1325,,,1403.80875,,281,,,,,0.833215491,,,,,,,,,3.723630584,1684.80875,,,,,,,,,,,,,,,
11/10/16,0.497685208,,1185,,,1263.692361,,286,,,,,0.815447242,,,,,,,,,3.725933156,1549.692361,,,,,,,,,,,,,,,
11/11/16,-1.307870542,,1203,,,1280.994028,,268,,,,,0.826984485,,,,,,,,,3.400641012,1548.994028,,,,,,,,,,,,,,,
11/12/16,-1.199074125,,1125,,,1197.756528,,183,,,,,0.867463962,,,,,,,,,3.484026218,1380.756528,,,,,,,,,,,,,,,
11/13/16,1.192129708,,1000,,,1072.989306,,188,,,,,0.85091071,,,,,,,,,3.422503652,1260.989306,,,,,,,,,,,,,,,
11/14/16,2.041666792,,1054,,,1134.729167,,280,,,,,0.80208226,,,,,,,,,3.630018171,1414.729167,,,,,,,,,,,,,,,
11/15/16,3.259259375,,903,,,984.1365278,,282,,,,,0.777275204,,,,,,,,,3.541733743,1266.136528,,,,,,,,,,,,,,,
11/16/16,2.550926125,,951,,,1031.089028,,286,,,,,0.782854466,,,,,,,,,3.581990263,1317.089028,,,,,,,,,,,,,,,
11/17/16,4.796296708,,826,,,905.7980556,,297,,,,,0.753075756,,,,,,,,,3.800746227,1202.798056,,,,,,,,,,,,,,,
11/18/16,5.391204125,,742,,,819.9940278,,260,,,,,0.759257928,,,,,,,,,3.594617576,1079.994028,,,,,,,,,,,,,,,
11/19/16,5.00694475,,794,,,867.0475,,175,,,,,0.832061398,,,,,,,,,3.491290242,1042.0475,,,,,,,,,,,,,,,
11/20/16,4.335648583,,694,,,763.6983333,,172,,,,,0.816180072,,,,,,,,,3.066148336,935.6983333,,,,,,,,,,,,,,,
11/21/16,7.967593292,,468,,,545.8455556,,260,,,,,0.677357531,,,,,,,,,3.452371682,805.8455556,,,,,,,,,,,,,,,
11/22/16,7.520834125,,496,,,576.8455556,,263,,,,,0.686847185,,,,,,,,,3.51814985,839.8455556,,,,,,,,,,,,,,,
11/23/16,7.57407475,,396,,,459.5438889,,262,,,,,0.636889725,,,,,,,,,3.325844144,721.5438889,,,,,,,,,,,,,,,
11/24/16,3.277778042,,954,,,1034.845556,,269,,,,,0.793687221,,,,,,,,,3.547030091,1303.845556,,,,,,,,,,,,,,,
11/25/16,2.159722417,,1186,,,1265.565278,,267,,,,,0.825782299,,,,,,,,,3.990480551,1532.565278,,,,,,,,,,,,,,,
11/26/16,5.997685708,,675,,,749.2695833,,171,,,,,0.814184883,,,,,,,,,3.310553243,920.2695833,,,,,,,,,,,,,,,
11/27/16,0.604166625,,1261,,,1334.105694,,174,,,,,0.884623471,,,,,,,,,3.746840842,1508.105694,,,,,,,,,,,,,,,
11/28/16,-0.125000083,,1140,,,1216.85625,,281,,,,,0.812398553,,,,,,,,,3.351302105,1497.85625,,,,,,,,,,,,,,,
11/29/16,1.47453725,,1068,,,1147.85625,,273,,,,,0.807862337,,,,,,,,,3.543895734,1420.85625,,,,,,,,,,,,,,,
11/30/16,2.148148375,,991,,,1070.739861,,272,,,,,0.797429116,,,,,,,,,3.483016691,1342.739861,,,,,,,,,,,,,,,
12/1/16,-0.3310185,,1454,,,1534.554583,,282,,,,,0.844761064,,,,,,,,,4.144729599,1816.554583,,,,,,,,,,,,,,,
12/2/16,-0.178240792,,1267,,,1342.052222,,283,,,,,0.82585175,,,,,,,,,3.775322809,1625.052222,,,,,,,,,,,,,,,
12/3/16,-2.766203917,,1266,,,1338.872917,,188,,,,,0.87687253,,,,,,,,,3.518621926,1526.872917,,,,,,,,,,,,,,,
12/4/16,-0.89814825,,1162,,,1234.756528,,170,,,,,0.878982588,,,,,,,,,3.33546237,1404.756528,,,,,,,,,,,,,,,
12/5/16,4.423611458,,863,,,943.8455556,,254,,,,,0.78795263,,,,,,,,,3.362462193,1197.845556,,,,,,,,,,,,,,,
12/6/16,-0.599537167,,1273,,,1353.787361,,280,,,,,0.828619068,,,,,,,,,3.564124414,1633.787361,,,,,,,,,,,,,,,
12/7/16,1.138888958,,1133,,,1213.147222,,267,,,,,0.819612539,,,,,,,,,3.542118578,1480.147222,,,,,,,,,,,,,,,
12/8/16,7.543982208,,552,,,628.9726389,,258,,,,,0.709122933,,,,,,,,,3.594174874,886.9726389,,,,,,,,,,,,,,,
12/9/16,6.148148792,,709,,,787.9833333,,253,,,,,0.756960566,,,,,,,,,3.561101498,1040.983333,,,,,,,,,,,,,,,
12/10/16,0.287037,,1077,,,1149.52375,,174,,,,,0.868532771,,,,,,,,,3.477731337,1323.52375,,,,,,,,,,,,,,,
12/11/16,-1.062500167,,1278,,,1350.931111,,182,,,,,0.881273204,,,,,,,,,3.628346273,1532.931111,,,,,,,,,,,,,,,
12/12/16,-3.601852125,,1659.5,,,1739.647222,,270.5,,,,,0.865432742,,,,,,,,,3.834996655,2010.147222,,,,,,,,,,,,,,,
12/13/16,0.15277775,,1307,,,1386.216111,,276,,,,,0.833956609,,,,,,,,,3.705853816,1662.216111,,,,,,,,,,,,,,,
12/14/16,0.90972225,,1289,,,1369.030833,,302,,,,,0.819273233,,,,,,,,,3.933219879,1671.030833,,,,,,,,,,,,,,,
12/15/16,-1.439815,,1635,,,1714.041528,,294,,,,,0.853588685,,,,,,,,,4.18419914,2008.041528,,,,,,,,,,,,,,,
12/16/16,0.738425917,,1154,,,1232.517778,,271,,,,,0.819756039,,,,,,,,,3.501618428,1503.517778,,,,,,,,,,,,,,,
12/17/16,1.03472225,,1033,,,1103.163889,,175,,,,,0.86308485,,,,,,,,,3.220119292,1278.163889,,,,,,,,,,,,,,,
12/18/16,1.155092583,,1140,,,1212.931111,,182,,,,,0.869527607,,,,,,,,,3.657582751,1394.931111,,,,,,,,,,,,,,,
12/19/16,2.9837965,,1041,,,1118.612778,,277,,,,,0.801520877,,,,,,,,,3.724508382,1395.612778,,,,,,,,,,,,,,,
12/20/16,5.293981875,,779,,,858.9726389,,254,,,,,0.77178235,,,,,,,,,3.503984289,1112.972639,,,,,,,,,,,,,,,
12/21/16,2.414352042,,1093,,,1171.226806,,251,,,,,0.823516194,,,,,,,,,3.677659784,1422.226806,,,,,,,,,,,,,,,
12/22/16,4.557870708,,988,,,1065.470278,,248,,,,,0.811187201,,,,,,,,,3.794066825,1313.470278,,,,,,,,,,,,,,,
12/23/16,4.120370667,,1054,,,1127.338472,,217,,,,,0.838582318,,,,,,,,,3.770505981,1344.338472,,,,,,,,,,,,,,,
12/24/16,4.953704042,,845,,,917,,83,,,,,0.917,,,,,,,,,3.427815156,1000,,,,,,,,,,,,,,,
12/25/16,3.497685417,,915,,,987,,86,,,,,0.919850885,,,,,,,,,3.32702241,1073,,,,,,,,,,,,,,,
12/26/16,5.837963458,,618,,,687,,92,,,,,0.881899872,,,,,,,,,2.839535944,779,,,,,,,,,,,,,,,
12/27/16,2.023148292,,1265,,,1339.502361,,227,,,,,0.855091186,,,,,,,,,3.802000079,1566.502361,,,,,,,,,,,,,,,
12/28/16,-0.032407583,,1247,,,1322.1425,,228,,,,,0.852916748,,,,,,,,,3.322845169,1550.1425,,,,,,,,,,,,,,,
12/29/16,4.168981708,,890,,,965.7244444,,227,,,,,0.809679427,,,,,,,,,3.338901614,1192.724444,,,,,,,,,,,,,,,
12/30/16,6.879630333,,685,,,760.0261111,,207,,,,,0.785941664,,,,,,,,,3.384516568,967.0261111,,,,,,,,,,,,,,,
12/31/16,9.520834083,,358,,,430,,80,,,,,0.843137255,,,,,,,,,2.811612038,510,,,,,,,,,,,,,,,
1/1/17,4.104167083,,912,,,984,,85,,,,,0.920486436,,,,,,,,,3.512361263,1069,,,,,,,,,,,,,,,
1/2/17,-1.250000292,,1298,,,1374.771944,,255,,,,,0.843536391,,,,,,,,,3.328098716,1629.771944,,,,,,,,,,,,,,,
1/3/17,-3.210648417,,1722,,,1800.052222,,261,,,,,0.873365654,,,,,,,,,3.841333779,2061.052222,,,,,,,,,,,,,,,
1/4/17,-4.479167,,1689,,,1764.168611,,256,,,,,0.873277904,,,,,,,,,4.121927239,2020.168611,,,,,,,,,,,,,,,
1/5/17,-10.59722313,,2277,,,2353.946528,,246,,,,,0.905382669,,,,,,,,,3.883795291,2599.946528,,,,,,,,,,,,,,,
1/6/17,-9.884260083,,1743,,,1815,,104,,,,,0.945805107,,,,,,,,,4.23395431,1919,,,,,,,,,,,,,,,
1/7/17,-3.967593125,,1469,,,1542.978611,,166,,,,,0.902865958,,,,,,,,,3.9338357,1708.978611,,,,,,,,,,,,,,,
1/8/17,-4.298611417,,1418,,,1492.61875,,172,,,,,0.896673037,,,,,,,,,3.828993065,1664.61875,,,,,,,,,,,,,,,
1/9/17,1.442129708,,1439,,,1519.496389,,273,,,,,0.847698438,,,,,,,,,4.076814808,1792.496389,,,,,,,,,,,,,,,
1/10/17,1.789352,,1060,,,1141.078333,,267,,,,,0.810379868,,,,,,,,,3.344758231,1408.078333,,,,,,,,,,,,,,,
1/11/17,1.379629667,,1148,,,1229.136528,,268,,,,,0.82099161,,,,,,,,,3.40149607,1497.136528,,,,,,,,,,,,,,,
1/12/17,2.379629833,,1090,,,1170.263611,,281,,,,,0.806375632,,,,,,,,,3.550683469,1451.263611,,,,,,,,,,,,,,,
1/13/17,1.236111167,,986,,,1061.925139,,273,,,,,0.79549415,,,,,,,,,3.255989607,1334.925139,,,,,,,,,,,,,,,
1/14/17,-1.530092708,,1286,,,1355.989306,,185,,,,,0.879947253,,,,,,,,,3.636032932,1540.989306,,,,,,,,,,,,,,,
1/15/17,-2.972222458,,1199,,,1268.698333,,185,,,,,0.872738383,,,,,,,,,3.326132399,1453.698333,,,,,,,,,,,,,,,
1/16/17,-2.703703917,,1628,,,1708.321806,,274,,,,,0.861778244,,,,,,,,,3.943419994,1982.321806,,,,,,,,,,,,,,,
1/17/17,-2.696759542,,1605,,,1685.554583,,259,,,,,0.866807544,,,,,,,,,3.750269669,1944.554583,,,,,,,,,,,,,,,
1/18/17,1.895833458,,1102,,,1182.787361,,259,,,,,0.82036186,,,,,,,,,3.539426122,1441.787361,,,,,,,,,,,,,,,
1/19/17,4.37500025,,869,,,948.85625,,255,,,,,0.78818069,,,,,,,,,3.523306487,1203.85625,,,,,,,,,,,,,,,
1/20/17,3.914352083,,888,,,966.5177778,,267,,,,,0.783545884,,,,,,,,,3.630015576,1233.517778,,,,,,,,,,,,,,,
1/21/17,2.606481708,,1016,,,1088.640139,,165,,,,,0.868383283,,,,,,,,,3.629419977,1253.640139,,,,,,,,,,,,,,,
1/22/17,0.956018458,,1112,,,1184.872917,,173,,,,,0.872594852,,,,,,,,,3.43930206,1357.872917,,,,,,,,,,,,,,,
1/23/17,2.446759292,,1135,,,1215.670972,,266,,,,,0.820472963,,,,,,,,,3.826129552,1481.670972,,,,,,,,,,,,,,,
1/24/17,-0.037037125,,1203,,,1284.078333,,266,,,,,0.828395769,,,,,,,,,3.530062022,1550.078333,,,,,,,,,,,,,,,
1/25/17,1.268518667,,1107,,,1187.670972,,275,,,,,0.811987791,,,,,,,,,3.610547256,1462.670972,,,,,,,,,,,,,,,
1/26/17,4.229166917,,913,,,993.8455556,,259,,,,,0.793270608,,,,,,,,,3.597850181,1252.845556,,,,,,,,,,,,,,,
1/27/17,0.027777833,,1276,,,1352.507083,,261,,,,,0.838240561,,,,,,,,,3.711254139,1613.507083,,,,,,,,,,,,,,,
1/28/17,-1.557870625,,1242,,,1314.814722,,180,,,,,0.879583739,,,,,,,,,3.665822683,1494.814722,,,,,,,,,,,,,,,
1/29/17,0.407407458,,1216,,,1288.52375,,170,,,,,0.88344379,,,,,,,,,3.616019768,1458.52375,,,,,,,,,,,,,,,
1/30/17,2.634259458,,1058,,,1138.438194,,282,,,,,0.801469715,,,,,,,,,3.819987682,1420.438194,,,,,,,,,,,,,,,
1/31/17,1.7962965,,1126,,,1206.612778,,274,,,,,0.814941486,,,,,,,,,3.795853184,1480.612778,,,,,,,,,,,,,,,
2/1/17,-0.166666792,,1385,,,1465.205417,,280,,,,,0.839560434,,,,,,,,,3.976673707,1745.205417,,,,,,,,,,,,,,,
2/2/17,-0.250000083,,1201,,,1281.554583,,279,,,,,0.821217404,,,,,,,,,3.578219669,1560.554583,,,,,,,,,,,,,,,
2/3/17,0.092592625,,1299,,,1378.390694,,263,,,,,0.839770019,,,,,,,,,3.827775449,1641.390694,,,,,,,,,,,,,,,
2/4/17,1.351851917,,1074,,,1147.396667,,172,,,,,0.869637385,,,,,,,,,3.570853114,1319.396667,,,,,,,,,,,,,,,
2/5/17,0.287037125,,1186,,,1258.989306,,176,,,,,0.877351002,,,,,,,,,3.695943648,1434.989306,,,,,,,,,,,,,,,
2/6/17,-2.104166833,,1702,,,1783.660278,,272,,,,,0.867682417,,,,,,,,,4.111043813,2055.660278,,,,,,,,,,,,,,,
2/7/17,-4.541667042,,1267,,,1343.972639,,291,,,,,0.82201537,,,,,,,,,3.180336374,1634.972639,,,,,,,,,,,,,,,
2/8/17,-3.449109833,,1579,,,1659.90375,,350,,,,,0.825862308,,,,,,,,,4.129000578,2009.90375,,,,,,,,,,,,,,,
2/9/17,-3.692129875,,1305,,,1383.136528,,273,,,,,0.835158518,,,,,,,,,3.356099677,1656.136528,,,,,,,,,,,,,,,
2/10/17,-2.261574292,,1396,,,1475.623472,,278,,,,,0.8414711,,,,,,,,,3.785904998,1753.623472,,,,,,,,,,,,,,,
2/11/17,-3.381944792,,1114,,,1187.862222,,189,,,,,0.862731363,,,,,,,,,3.057233777,1376.862222,,,,,,,,,,,,,,,
2/12/17,-3.025463292,,1347,,,1421.502361,,204,,,,,0.874500336,,,,,,,,,3.819786519,1625.502361,,,,,,,,,,,,,,,
2/13/17,-0.307870375,,1148,,,1229.020139,,306,,,,,0.800654081,,,,,,,,,3.53617455,1535.020139,,,,,,,,,,,,,,,
2/14/17,2.148148375,,880,,,961.4856944,,329,,,,,0.745057228,,,,,,,,,3.559954625,1290.485694,,,,,,,,,,,,,,,
2/15/17,2.11111125,,948,,,1028.670972,,331,,,,,0.756558751,,,,,,,,,3.727673005,1359.670972,,,,,,,,,,,,,,,
2/16/17,1.513889,,1003,,,1083.438194,,286,,,,,0.791155233,,,,,,,,,3.644443264,1369.438194,,,,,,,,,,,,,,,
2/17/17,2.962963167,,873,,,952.6816667,,327,,,,,0.7444677,,,,,,,,,3.824241456,1279.681667,,,,,,,,,,,,,,,
2/18/17,1.703703792,,892,,,965.5130556,,206,,,,,0.824159023,,,,,,,,,3.682259434,1171.513056,,,,,,,,,,,,,,,
2/19/17,5.386574458,,684,,,757.2220833,,190,,,,,0.79941346,,,,,,,,,3.577790103,947.2220833,,,,,,,,,,,,,,,
2/20/17,4.553241208,,740,,,820.5545833,,276,,,,,0.748302543,,,,,,,,,3.450042855,1096.554583,,,,,,,,,,,,,,,
2/21/17,-0.581018583,,1309,,,1390.194722,,295,,,,,0.824946046,,,,,,,,,4.112130614,1685.194722,,,,,,,,,,,,,,,
2/22/17,0.692129583,,1119,,,1199.147222,,262,,,,,0.820688842,,,,,,,,,3.539849369,1461.147222,,,,,,,,,,,,,,,
2/23/17,-0.287037042,,1373,,,1453.438194,,328,,,,,0.815879102,,,,,,,,,4.236093679,1781.438194,,,,,,,,,,,,,,,
2/24/17,-2.435185542,,1152,,,1232.321806,,331,,,,,0.78827136,,,,,,,,,3.610123021,1563.321806,,,,,,,,,,,,,,,
2/25/17,-1.36111125,,1057,,,1127.396667,,223,,,,,0.834863336,,,,,,,,,3.636152938,1350.396667,,,,,,,,,,,,,,,
2/26/17,-0.020833417,,1020,,,1093.0475,,191,,,,,0.851251609,,,,,,,,,3.482534794,1284.0475,,,,,,,,,,,,,,,
2/27/17,1.861111167,,1044.5,,,1125.985694,,280.5,,,,,0.800566759,,,,,,,,,3.808347149,1406.485694,,,,,,,,,,,,,,,
2/28/17,3.96990775,,867,,,947.8455556,,281,,,,,0.771330092,,,,,,,,,3.831394785,1228.845556,,,,,,,,,,,,,,,
3/1/17,3.368055792,,873,,,954.3111111,,281,,,,,0.772526939,,,,,,,,,3.708043302,1235.311111,,,,,,,,,,,,,,,
3/2/17,3.199074333,,807,,,887.4963889,,284,,,,,0.75757501,,,,,,,,,3.515994695,1171.496389,,,,,,,,,,,,,,,
3/3/17,1.293981542,,1076,,,1155.798056,,281,,,,,0.804426239,,,,,,,,,3.767952868,1436.798056,,,,,,,,,,,,,,,
3/4/17,-0.650463,,1294,,,1367.105694,,188,,,,,0.879107896,,,,,,,,,4.015760561,1555.105694,,,,,,,,,,,,,,,
3/5/17,-2.071759417,,1024,,,1097.57125,,188,,,,,0.853761509,,,,,,,,,3.047962007,1285.57125,,,,,,,,,,,,,,,
3/6/17,-1.796296375,,1282,,,1363.194722,,301,,,,,0.819131742,,,,,,,,,3.693498632,1664.194722,,,,,,,,,,,,,,,
3/7/17,-2.743055833,,1421,,,1502.194722,,285,,,,,0.840532206,,,,,,,,,3.745028209,1787.194722,,,,,,,,,,,,,,,
3/8/17,-1.958333542,,1423,,,1504.194722,,292,,,,,0.837434106,,,,,,,,,3.948305841,1796.194722,,,,,,,,,,,,,,,
3/9/17,1.979166875,,1137,,,1218.311111,,289,,,,,0.80826785,,,,,,,,,3.918446337,1507.311111,,,,,,,,,,,,,,,
3/10/17,2.481481792,,979,,,1058.448889,,281,,,,,0.790212227,,,,,,,,,3.724513102,1339.448889,,,,,,,,,,,,,,,
3/11/17,1.719907458,,831,,,905.0368056,,218,,,,,0.805883477,,,,,,,,,3.422425628,1123.036806,,,,,,,,,,,,,,,
3/12/17,3.650463208,,719,,,792.5130556,,197,,,,,0.800912177,,,,,,,,,3.294602792,989.5130556,,,,,,,,,,,,,,,
3/13/17,4.127315167,,745,,,824.5331944,,290,,,,,0.739801379,,,,,,,,,3.5677552,1114.533194,,,,,,,,,,,,,,,
3/14/17,5.439815292,,700,,,781.0783333,,289,,,,,0.729926314,,,,,,,,,3.834710715,1070.078333,,,,,,,,,,,,,,,
3/15/17,6.733796833,,535,,,617.0094444,,299,,,,,0.673584152,,,,,,,,,3.563953386,916.0094444,,,,,,,,,,,,,,,
3/16/17,5.446759708,,599,,,676.4963889,,330,,,,,0.672129971,,,,,,,,,3.699430056,1006.496389,,,,,,,,,,,,,,,
3/17/17,6.342593125,,524,,,604.7873611,,302,,,,,0.666956099,,,,,,,,,3.580304504,906.7873611,,,,,,,,,,,,,,,
3/18/17,3.349537375,,591,,,664.0475,,194,,,,,0.773905291,,,,,,,,,3.174184631,858.0475,,,,,,,,,,,,,,,
3/19/17,1.342592667,,867,,,940.2220833,,228,,,,,0.80483163,,,,,,,,,3.7938162,1168.222083,,,,,,,,,,,,,,,
3/20/17,0.988426125,,996,,,1075.565278,,310,,,,,0.776264601,,,,,,,,,3.846435407,1385.565278,,,,,,,,,,,,,,,
3/21/17,4.543981792,,723,,,802.6816667,,289,,,,,0.735270813,,,,,,,,,3.840425508,1091.681667,,,,,,,,,,,,,,,
3/22/17,4.87731525,,662,,,743.0783333,,297,,,,,0.714444585,,,,,,,,,3.58996844,1040.078333,,,,,,,,,,,,,,,
3/23/17,3.817129875,,786,,,867.3693056,,345,,,,,0.715433244,,,,,,,,,4.022277265,1212.369306,,,,,,,,,,,,,,,
3/24/17,3.664352083,,658,,,736.7505556,,343,,,,,0.682334037,,,,,,,,,3.80447576,1079.750556,,,,,,,,,,,,,,,
3/25/17,5.912037458,,482,,,555.0475,,225,,,,,0.711556027,,,,,,,,,3.447907238,780.0475,,,,,,,,,,,,,,,
3/26/17,9.78125075,,262,,,307.7565278,,211.5,,,,,0.592686873,,,,,,,,,3.266103651,519.2565278,,,,,,,,,,,,,,,
3/27/17,11.61805662,,120,,,149.1472222,,327,,,,,0.313237619,,,,,,,,,3.31283643,476.1472222,,,,,,,,,,,,,,,
3/28/17,5.1250005,,513,,,572.4963889,,332,,,,,0.632944914,,,,,,,,,3.670482636,904.4963889,,,,,,,,,,,,,,,
3/29/17,1.745370583,,797,,,878.4856944,,306,,,,,0.741660029,,,,,,,,,3.634786481,1184.485694,,,,,,,,,,,,,,,
3/30/17,1.689814917,,828,,,908.4963889,,308,,,,,0.746813881,,,,,,,,,3.63689141,1216.496389,,,,,,,,,,,,,,,
3/31/17,2.178240958,,964,,,1044.321806,,295,,,,,0.779739269,,,,,,,,,3.845966835,1339.321806,,,,,,,,,,,,,,,